spec_id,assigned_tc_ids,assigned_count,covered_tc_ids,covered_count,equipment_count,total_delta,solve_status,tech lte,tech nsa,tech nr sa,enb,vdu,au,cu,lte band,nr band,ru,cc location,ca type,rf condition,ue capa lte,ue capa nr,ue capa special
spec_1,112 + 285 + 440 + 759,4,112 + 179 + 285 + 440 + 759 + 912,6,3,0,OPTIMAL,1,0,0,1,0,0,0,b2,,rf-1002,inter cc,any,cell edge,emtc,,
spec_2,82 + 87 + 356,3,82 + 87 + 356 + 769,4,3,3,OPTIMAL,1,0,0,1,0,0,0,b20 + b7,,rf-1003,any,non ca,cell edge,volte,,
spec_3,101 + 339,2,101 + 339,2,3,1,OPTIMAL,1,0,0,1,0,0,0,b7 + b8,,any,intra cc,intra DU,cell edge,any,,
spec_4,495 + 869,2,356 + 495 + 769 + 869,4,3,1,OPTIMAL,1,0,0,1,0,0,0,inter + any,,rf-1000,inter cc,non ca,any,volte,,
spec_5,265,1,101 + 112 + 179 + 265 + 759,5,3,0,OPTIMAL,1,0,0,1,0,0,0,b2 + b7,,rf-1005,any,intra DU,cell edge,emtc,,
spec_6,482,1,112 + 179 + 482 + 616 + 759 + 937,6,3,0,OPTIMAL,1,0,0,1,0,0,0,b2 + b2,,rf-1006,any,any,mobility,emtc,,
spec_7,539,1,539 + 759,2,3,0,OPTIMAL,1,0,0,1,0,0,0,b8 + b2,,any,any,any,peak 4 path,any,,
spec_8,717,1,101 + 179 + 717 + 937,4,3,0,OPTIMAL,1,0,0,1,0,0,0,b8 + b8,,rf-1000,any,intra DU,cell edge,emtc,,
spec_9,97 + 120 + 345 + 499 + 520 + 556,6,97 + 101 + 120 + 345 + 495 + 499 + 520 + 556 + 606 + 750 + 912,11,4,4,OPTIMAL,1,0,0,1,0,0,0,b7 + b5,,rf-1002 + rf-1001,inter cc,intra DU,cell edge,volte,,
spec_10,1 + 263 + 412 + 589 + 616,5,1 + 263 + 412 + 444 + 589 + 616,6,4,0,OPTIMAL,1,0,0,1,0,0,0,b5,,any,any,inter DU,mobility,volte,,any
spec_11,190 + 213 + 588 + 769 + 861,5,179 + 190 + 213 + 471 + 588 + 769 + 861,7,4,0,OPTIMAL,1,0,0,1,0,0,0,b28,,any,intra cc,non ca,cell edge,emtc,,6cc
spec_12,179 + 229 + 912,3,179 + 229 + 861 + 912,4,4,0,OPTIMAL,1,0,0,1,0,0,0,b3,,rf-1002,any,any,cell edge,emtc,,any
spec_13,220 + 965 + 999,3,179 + 220 + 504 + 606 + 616 + 726 + 737 + 965 + 999,9,4,2,OPTIMAL,1,0,0,1,0,0,0,b28 + b5,,rf-1001 + rf-1005,intra cc,any,mobility,emtc,,
spec_14,250 + 277 + 813,3,101 + 179 + 250 + 277 + 471 + 813 + 861 + 896,8,4,2,OPTIMAL,1,0,0,1,0,0,0,b5 + b1,,rf-1006,intra cc,intra DU,handover,emtc,,any
spec_15,197 + 952,2,36 + 197 + 444 + 952,4,4,0,OPTIMAL,1,0,0,1,0,0,0,inter + any,,rf-1006,any,inter CU,cell edge,volte,,any
spec_16,268 + 478,2,101 + 268 + 478,3,4,1,OPTIMAL,1,0,0,1,0,0,0,b8 + b28,,rf-1001,any,intra DU,peak 4 path,any,,any
spec_17,272 + 557,2,272 + 557,2,4,0,OPTIMAL,1,0,0,1,1,0,0,any,,rf-1006,inter cc,intra DU,any,emtc,,
spec_18,286 + 822,2,286 + 822,2,4,1,OPTIMAL,1,0,0,1,0,0,0,b2 + b2,,rf-1003,,intra DU,cell edge,any,,any
spec_19,309 + 357,2,279 + 309 + 357 + 937,4,4,4,OPTIMAL,1,0,0,1,0,0,0,intra + b20 + b20,,rf-1007 + rf-1000,any,intra DU,mobility + null,emtc,,
spec_20,314 + 977,2,314 + 444 + 977,3,4,0,OPTIMAL,1,0,0,1,0,0,0,b3 + b3,,rf-1004,,any,any,volte,,6cc
spec_21,405 + 444,2,405 + 444,2,4,0,OPTIMAL,1,0,0,1,0,0,0,b20,,rf-1007,any,any,cell edge,volte,,s21
spec_22,417 + 488,2,417 + 488 + 759 + 813,4,4,4,OPTIMAL,1,0,0,1,0 + 1,0,0,b8 + b2,,rf-1005,intra cc,any,handover,any,,
spec_23,471 + 583,2,471 + 583,2,4,0,OPTIMAL,1,0,0,1,0,0,0,b3,,any,intra cc,any,any,any,,s21
spec_24,497 + 698,2,412 + 497 + 698,3,4,1,OPTIMAL,1,0,0,1,0,0,0,b8 + b3,,rf-1005,any,inter DU,any,any,,any
spec_25,626 + 734,2,626 + 734 + 937,3,4,1,OPTIMAL,1,0,0,1,0,0,0,b7 + b7,,rf-1007,any,any,any,any,,s23+
spec_26,790 + 838,2,790 + 838,2,4,1,OPTIMAL,1,0,0,2,0,0,0,b3 + b3,,any,any,any,any,volte,,
spec_27,937 + 985,2,412 + 444 + 937 + 985,4,4,0,OPTIMAL,1,0,0,1,0,0,0,b8 + b8,,any,any,inter DU,any,volte,,6cc
spec_28,14,1,14,1,4,0,OPTIMAL,1,0,0,1,0,0,0,b7 + b7,,rf-1001 + rf-1003,,inter DU,any,any,,
spec_29,37,1,37,1,4,0,OPTIMAL,0,0,1,0,1,0,1,b8 + b5,n7 + n7,any,inter cc,any,,,nr,
spec_30,231,1,231,1,4,0,OPTIMAL,1,0,0,1,0,0,0,inter + any,,rf-1006,inter cc,any,,any,,s21
spec_31,271,1,271,1,4,0,OPTIMAL,1,0,0,1,0,0,0,b3,,rf-1002 + rf-1003,,intra DU,peak 4 path,any,,
spec_32,453,1,453 + 606 + 726 + 759,4,4,0,OPTIMAL,1,0,0,1,0,0,0,b2 + b3,,rf-1006 + rf-1002,intra cc,any,peak 4 path,any,,
spec_33,532,1,179 + 213 + 532 + 734 + 769 + 861 + 896 + 937,8,4,0,OPTIMAL,1,0,0,1,0,0,0,b1 + b1,,any,any,non ca,any,emtc,,s23+
spec_34,572,1,572,1,4,0,OPTIMAL,0,0,1,0,1,0,1,b8 + b5,intra + any,rf-1003,any,inter DU,mobility,,nr,
spec_35,597,1,112 + 179 + 597 + 734 + 759 + 861,6,4,0,OPTIMAL,1,0,0,1,0,0,0,b28 + b2,,rf-1005,any,any,any,emtc,,s23+
spec_36,605,1,605,1,4,0,OPTIMAL,1,0,0,1,0,0,0,b3 + b3,,rf-1004 + rf-1003,,any,any,any,,
spec_37,614,1,614,1,4,0,OPTIMAL,1,0,0,2,0,0,0,any,,rf-1005,any,inter CU,cell edge,any,,
spec_38,720,1,720,1,4,0,OPTIMAL,1,0,0,1,0,0,1,b7,,any,intra cc,inter CU,any,any,,
spec_39,820,1,820,1,4,0,OPTIMAL,1,0,0,2,0,0,0,b28 + b28,,any,any,any,peak 4 path,any,,
spec_40,839,1,838 + 839,2,4,0,OPTIMAL,1,0,0,2,0,0,0,b8 + b28,,rf-1003,any,inter DU,any,volte,,
spec_41,851,1,606 + 769 + 851,3,4,0,OPTIMAL,1,0,0,1,0,0,0,inter + any,,rf-1005 + rf-1007,any,non ca,peak 4 path,any,,
spec_42,894,1,726 + 894 + 937,3,4,0,OPTIMAL,1,0,0,1,0,0,0,b7 + b7,,rf-1001 + rf-1007,intra cc,any,any,any,,
spec_43,969,1,969,1,4,0,OPTIMAL,1,0,0,2,0,0,0,b3 + b3,,rf-1006,any,intra DU,cell edge,emtc,,
spec_44,992,1,444 + 937 + 992,3,4,0,OPTIMAL,1,0,0,1,0,0,0,intra + any,,rf-1005,any,any,any,volte,,s21
spec_45,21 + 726 + 762 + 843 + 866,5,21 + 101 + 179 + 471 + 726 + 734 + 762 + 843 + 861 + 866,10,5,3,OPTIMAL,1,0,0,1,0,0,0,b5,,rf-1002 + any,intra cc,intra DU,any,emtc,,s23+
spec_46,36 + 315 + 787 + 896,4,36 + 315 + 471 + 726 + 787 + 896,6,5,2,OPTIMAL,1,0,0,1,0,0,0,b1,,rf-1000 + rf-1006,intra cc,inter CU,any,any,,6cc
spec_47,239 + 418 + 567 + 580,4,36 + 239 + 418 + 504 + 567 + 580 + 616 + 750 + 937,9,5,8,OPTIMAL,1,0,0,1,0,0,1 + 0,b1 + intra,,any + any,any,inter CU,mobility,volte,,
spec_48,397 + 712 + 873 + 942,4,397 + 456 + 712 + 873 + 942,5,5,6,OPTIMAL,1,1,0,1,1,0,0,b7 + inter,n28 + n3,any,intra cc,intra DU,handover,volte,nsa,
spec_49,6 + 561 + 606,3,6 + 412 + 561 + 606 + 737,5,5,1,OPTIMAL,1,0,0,1,0,0,0,b28 + b20,,any + any,any,inter DU,null,any,,any
spec_50,59 + 113 + 159,3,59 + 113 + 159 + 279 + 418 + 937,6,5,9,OPTIMAL,1,0,0,1,0,0 + 1,1 + 0,b20 + b20 + inter,,rf-1007,inter cc,inter DU,null,volte,,
spec_51,60 + 298 + 341,3,60 + 220 + 298 + 314 + 341 + 606 + 878 + 937,8,5,4,OPTIMAL,1,0,0,1,0,0,0,inter + b20 + b20,,rf-1002 + rf-1004,any,non ca,handover,emtc,,6cc
spec_52,86 + 737 + 750,3,86 + 412 + 444 + 737 + 750,5,5,0,OPTIMAL,1,0,0,1,0,0,0,b28,,rf-1003 + rf-1004,any,inter DU,null,volte,,any
spec_53,5 + 107,2,5 + 107,2,5,1,OPTIMAL,0,0,1,0,1,0,1,b5 + b28,n78 + n78,rf-1000,any,intra DU,handover,,nr,s21
spec_54,13 + 504,2,13 + 504 + 606 + 616,4,5,1,OPTIMAL,1,0,0,1,0,0,0,b3 + b7,,rf-1005 + rf-1000,any,any,mobility,any,,s21
spec_55,54 + 670,2,54 + 670,2,5,2,OPTIMAL,0,0,1,0,1,0,1,intra + any,inter + any,rf-1001,inter cc,non ca,handover,,any,6cc
spec_56,103 + 555,2,103 + 435 + 555,3,5,1,OPTIMAL,1,0,0,2,0,0,0,b5 + b5,,any,intra cc,inter CU,peak 4 path,any,,s23+
spec_57,130 + 140,2,130 + 140,2,5,0,OPTIMAL,1,0,0,2,0,0,0,any,,rf-1000 + rf-1003,,inter CU,any,any,,
spec_58,181 + 243,2,181 + 197 + 243 + 606,4,5,5,OPTIMAL,1,0,0,1,0,0,0,b20 + b28 + inter,,any + any,any,inter CU,null + peak 4 path,any,,any
spec_59,291 + 697,2,291 + 697,2,5,1,OPTIMAL,1,1,0,1,1,0,0,b8,n5 + n1,rf-1007,any,any,any,any,any,
spec_60,296 + 947,2,296 + 947,2,5,2,OPTIMAL,1,0,0,1,0,0,1,b3 + b3,,rf-1000 + rf-1002,any,intra DU,any,any,,
spec_61,305 + 948,2,101 + 112 + 179 + 305 + 759 + 813 + 948,7,5,4,OPTIMAL,1,0,0,1,0 + 2,0,0,b8 + b2,,any,intra cc,intra DU,handover,emtc,,
spec_62,456 + 466,2,456 + 466,2,5,0,OPTIMAL,1,1,0,1,1,0,0,b5,inter + intra,any,intra cc,any,any,volte,nsa,
spec_63,489 + 498,2,489 + 498 + 606,3,5,2,OPTIMAL,1,0,0,1,0,0,0,inter + b5 + b3,,rf-1000 + rf-1003,any,any,handover,volte,,any
spec_64,510 + 564,2,179 + 510 + 564 + 737 + 861,5,5,2,OPTIMAL,1,0,0,1,0,0,0,b28,,rf-1000 + rf-1005,inter cc,any,any,emtc,,any
spec_65,675 + 824,2,675 + 824 + 937,3,5,6,OPTIMAL,1,0,0,1,1 + 0,0,0 + 1,b7 + b7 + b3,,rf-1005,any,non ca,handover,any,,
spec_66,710 + 727,2,710 + 727,2,5,3,OPTIMAL,1,1,0,1,1,0,0,b8 + b20 + intra,intra + n77,rf-1006,any,non ca,handover,emtc,any,
spec_67,8,1,8 + 737,2,5,0,OPTIMAL,1,0,0,1,0,0,0,b28 + b28,,any + any + any,any,any,any,any,,
spec_68,50,1,50,1,5,0,OPTIMAL,0,0,1,0,1,0,1,b8,n77 + n77,rf-1004,inter cc,any,any,,any,any
spec_69,109,1,109,1,5,0,OPTIMAL,1,0,0,1,1,0,0,b28 + b3,,any,,intra DU,any,volte,,any
spec_70,205,1,205,1,5,0,OPTIMAL,1,0,0,1,0,1,0,b5 + b8,,any + any,,inter CU,any,any,,
spec_71,209,1,209 + 756,2,5,0,OPTIMAL,1,1,0,1,1,0,0,any,n77 + n77,rf-1006,any,any,any,volte,nr,
spec_72,225,1,225,1,5,0,OPTIMAL,1,0,0,2,0,0,1,b5 + b5,,rf-1004,intra cc,intra DU,null,emtc,,
spec_73,227,1,227,1,5,0,OPTIMAL,1,1,0,1,1,0,0,b7 + b7,n41 + n41,rf-1001,any,non ca,handover,nsa,nsa,
spec_74,266,1,266,1,5,0,OPTIMAL,1,0,0,1,0,2,0,any,,rf-1001,any,inter DU,,volte,,
spec_75,300,1,300 + 444 + 750,3,5,0,OPTIMAL,1,0,0,1,0,0,0,any,,rf-1006 + rf-1005,any,any,any,volte,,s21
spec_76,302,1,302,1,5,0,OPTIMAL,0,0,1,0,1,0,2,b1 + b1,any,rf-1002,,intra DU,cell edge,,any,
spec_77,306,1,306,1,5,0,OPTIMAL,1,0,0,1,1,1,0,b28,,any,inter cc,inter CU,any,any,,
spec_78,308,1,308,1,5,0,OPTIMAL,1,0,0,1,0,0,1,b28 + b28,,rf-1000,any,any,peak 4 path,any,,6cc
spec_79,321,1,321,1,5,0,OPTIMAL,0,0,1,0,1,0,1,any,n78 + n7,rf-1003,any,inter DU,cell edge,,nr,any
spec_80,374,1,374,1,5,0,OPTIMAL,1,0,0,1,1,0,0,inter + any,,rf-1002,intra cc,any,,any,,s21
spec_81,399,1,399,1,5,0,OPTIMAL,0,0,1,0,1,0,1,any,n1,rf-1001 + rf-1003,inter cc,any,any,,any,
spec_82,428,1,101 + 428 + 471 + 606 + 726 + 896,6,5,0,OPTIMAL,1,0,0,1,0,0,0,b7 + b1,,any + any,intra cc,intra DU,null,any,,any
spec_83,434,1,434,1,5,0,OPTIMAL,0,0,1,0,1,0,1,b2 + b3,n77,rf-1004 + rf-1005,,any,any,,any,
spec_84,449,1,449 + 606,2,5,0,OPTIMAL,1,0,0,1,0,0,0,inter + any,,rf-1006 + rf-1001,,any,mobility,any,,any
spec_85,481,1,481,1,5,0,OPTIMAL,1,0,0,1,0,2,0,b5 + b5,,rf-1007,intra cc,any,peak 4 path,emtc,,
spec_86,524,1,524,1,5,0,OPTIMAL,1,1,0,1,1,0,0,b28 + b28,any,rf-1002,,any,any,nsa,any,
spec_87,535,1,535,1,5,0,OPTIMAL,1,0,0,1,0,0,1,b28 + b28,,any + any,,any,mobility,volte,,
spec_88,541,1,541,1,5,0,OPTIMAL,1,1,0,1,1,0,0,b1,n7 + n28,rf-1004,any,any,,any,any,
spec_89,552,1,552 + 756,2,5,0,OPTIMAL,1,1,0,1,1,0,0,b20 + b20,n77,rf-1007,intra cc,intra DU,peak 4 path,nsa,any,
spec_90,570,1,570,1,5,0,OPTIMAL,1,0,0,1,1,0,0,b28,,rf-1001,any,inter DU,any,any,,s21
spec_91,587,1,291 + 587 + 756,3,5,0,OPTIMAL,1,1,0,1,1,0,0,b5 + b5,n77 + n5,rf-1005,any,inter CU,any,any,nsa,
spec_92,595,1,595,1,5,0,OPTIMAL,1,0,0,1,0,0,1,b5 + b28,,any,intra cc,non ca,any,volte,,any
spec_93,623,1,623,1,5,0,OPTIMAL,1,0,0,1,0,0,0,any,,rf-1007 + rf-1001 + rf-1004,,any,any,emtc,,
spec_94,633,1,633,1,5,0,OPTIMAL,1,1,0,1,1,0,0,any,n1 + n1,any,any,any,any,emtc,nr,
spec_95,651,1,291 + 651,2,5,0,OPTIMAL,1,1,0,1,1,0,0,b7 + b7,n5 + n5,rf-1007,any,inter DU,cell edge,any,nr,
spec_96,683,1,606 + 683,2,5,0,OPTIMAL,1,0,0,1,0,0,0,b1 + b8,,rf-1006 + rf-1002,,any,mobility,any,,s21
spec_97,797,1,797,1,5,0,OPTIMAL,1,0,0,1,1,0,0,b2 + b2,,any,,any,peak 4 path,any,,any
spec_98,810,1,606 + 810,2,5,0,OPTIMAL,1,0,0,1,0,0,0,b5 + b28,,any + any,,inter CU,any,any,,any
spec_99,871,1,435 + 838 + 871,3,5,0,OPTIMAL,1,0,0,2,0,0,0,b2 + b1,,rf-1000,any,non ca,null,volte,,any
spec_100,905,1,905,1,5,0,OPTIMAL,1,0,0,1,0,0,0,b3,,rf-1003 + rf-1005,any,any,cell edge,any,,any
spec_101,922,1,922,1,5,0,OPTIMAL,0,0,1,0,1,0,2,inter + any,n1 + n1,any,any,any,,,any,
spec_102,972,1,435 + 972,2,5,0,OPTIMAL,1,0,0,2,0,0,0,b3 + b7,,any,intra cc,intra DU,any,any,,s23+
spec_103,218 + 396 + 527 + 696 + 812 + 837,6,213 + 218 + 356 + 396 + 442 + 444 + 495 + 527 + 606 + 696 + 734 + 737 + 750 + 769 + 812 + 837 + 957,17,6,17,OPTIMAL,1,0,0,1,0,1 + 0,0,b28 + b8,,rf-1004 + rf-1002,inter cc,non ca,peak 4 path,volte,,s23+
spec_104,185 + 313 + 685 + 702 + 735,5,101 + 179 + 185 + 286 + 313 + 442 + 685 + 702 + 735 + 861 + 878 + 896 + 937 + 957,14,6,10,OPTIMAL,1,0,0,1,0,1 + 0,0,b1 + b1,,rf-1001 + any,any,intra DU,cell edge,emtc,,6cc
spec_105,121 + 559 + 823 + 958,4,36 + 121 + 444 + 559 + 734 + 750 + 787 + 823 + 958,9,6,6,OPTIMAL,1,0,0,1,0 + 1,0,0,b3,,any + any,any,inter CU,any,volte,,s23+
spec_106,57 + 442 + 957,3,57 + 442 + 957,3,6,3,OPTIMAL,1,0,0,1,0,1,0,b7 + b7,,rf-1006 + rf-1000,any,any,any,any,,s23+
spec_107,72 + 362 + 451,3,72 + 130 + 362 + 435 + 451,5,6,0,OPTIMAL,1,0,0,2,0,0,0,b20 + b20,,any + any,inter cc,inter DU,any,emtc,,any
spec_108,212 + 256 + 794,3,212 + 256 + 489 + 606 + 726 + 737 + 794,7,6,7,OPTIMAL,1,0,0,1,1 + 0,0,0,b20 + b28,,rf-1000 + rf-1006 + rf-1003,intra cc,any,handover,any,,
spec_109,279 + 845 + 860,3,179 + 279 + 444 + 504 + 589 + 616 + 750 + 845 + 860 + 861 + 878 + 896 + 937,13,6,9,OPTIMAL,1,0,0,1,0,0,0,b1 + b1,,rf-1007 + rf-1001,any,any,mobility + null,emtc + volte,,any
spec_110,377 + 473 + 648,3,377 + 473 + 648 + 726,4,6,1,OPTIMAL,1,0,0,1,0,0,0,b8,,rf-1001 + rf-1005 + rf-1002,intra cc,any,peak 4 path,any,,any
spec_111,386 + 531 + 666,3,179 + 386 + 444 + 531 + 589 + 616 + 666 + 861 + 957,9,6,6,OPTIMAL,1,0,0,1,0,1 + 0,0,b5,,rf-1006,any,any,mobility,emtc + volte,,6cc
spec_112,430 + 436 + 1000,3,430 + 436 + 606 + 878 + 1000,5,6,4,OPTIMAL,1,0,0,1,0,0,0,inter + b8 + b8,,rf-1007 + rf-1003 + any,any,inter DU,any,any,,any
spec_113,575 + 629 + 909,3,179 + 386 + 557 + 575 + 616 + 629 + 701 + 861 + 896 + 909 + 957,11,6,11,OPTIMAL,1,0,0,1,0 + 1,0 + 1,0,b20 + b1,,rf-1004,inter cc,any,peak 4 path + mobility,emtc,,s21
spec_114,899 + 900 + 939,3,101 + 471 + 726 + 878 + 899 + 900 + 937 + 939 + 947,9,6,5,OPTIMAL,1,0,0,1,0,0,0 + 1,b8 + intra,,rf-1007 + rf-1002,intra cc,intra DU,peak 4 path,any,,6cc
spec_115,49 + 995,2,49 + 995,2,6,1,OPTIMAL,1,1,0,1,1,0,0,inter + any,n3,rf-1006,any,any,null,volte,nr,s21
spec_116,94 + 654,2,94 + 504 + 654 + 750 + 878,5,6,1,OPTIMAL,1,0,0,1,0,0,0,intra + any,,any + any + any,inter cc,intra DU,mobility,volte,,6cc
spec_117,119 + 874,2,119 + 874,2,6,1,OPTIMAL,0,0,1,0,1,0,1,any,n1,rf-1000 + rf-1002 + rf-1004,any,non ca,peak 4 path,,nr,
spec_118,125 + 147,2,94 + 125 + 147 + 750,4,6,4,OPTIMAL,1,0,0,1,0,0,0,any,,rf-1004 + rf-1007 + rf-1003,any,any,peak 4 path + cell edge,volte + emtc,,
spec_119,141 + 199,2,141 + 199,2,6,1,OPTIMAL,1,1,0,1,1,0,0,intra + any,n7,any,intra cc,inter CU,any,nsa,any,any
spec_120,177 + 316,2,130 + 177 + 316,3,6,0,OPTIMAL,1,0,0,2,0,0,0,b1,,rf-1006 + rf-1005 + rf-1003,any,any,handover,volte,,
spec_121,221 + 435,2,130 + 221 + 435,3,6,1,OPTIMAL,1,0,0,2,0,0,0,b8,,rf-1004 + rf-1006,any,any,any,any,,any
spec_122,248 + 365,2,248 + 365,2,6,2,OPTIMAL,1,0,0,3,0,0,1,b20 + b8 + b8,,rf-1005,,any,handover,any,,
spec_123,344 + 617,2,344 + 617,2,6,1,OPTIMAL,1,1,1,1,1,0,1,b5 + b2,n41 + n41,any,inter cc,inter CU,any,any,nr,
spec_124,390 + 414,2,390 + 414 + 435 + 444 + 838,5,6,6,OPTIMAL,1,0,0,1 + 2,0,0,0,b28 + b7,,rf-1007,any,any,null + cell edge,volte,,6cc
spec_125,422 + 582,2,113 + 422 + 582,3,6,6,OPTIMAL,1,0,0,1,0,0 + 1,0 + 1,intra + b20 + b28,,rf-1003,,non ca,any,any,,s23+
spec_126,517 + 522,2,313 + 314 + 517 + 522 + 878 + 937,6,6,4,OPTIMAL,1,0,0,1,0,0 + 1,0,intra + b1 + b1,,rf-1000 + rf-1004,inter cc,any,any,volte,,any
spec_127,521 + 680,2,521 + 680,2,6,1,OPTIMAL,1,0,0,2,0,1,0,b2 + b28,,any,intra cc,intra DU,mobility,any,,any
spec_128,756 + 970,2,756 + 970,2,6,0,OPTIMAL,1,1,0,1,1,0,0,b28,n77,any,any,inter DU,peak 4 path,any,nsa,any
spec_129,807 + 878,2,807 + 878,2,6,1,OPTIMAL,1,0,0,1,0,0,0,intra + any,,rf-1007 + rf-1005 + rf-1003,any,any,peak 4 path,emtc,,any
spec_130,850 + 901,2,850 + 901,2,6,2,OPTIMAL,1,1,0,1,1,0,0,any,inter + any,rf-1006 + rf-1000,intra cc,non ca,handover,nsa,any,
spec_131,930 + 941,2,279 + 314 + 606 + 878 + 930 + 937 + 941,7,6,8,OPTIMAL,1,0,0,1,0,0,0,b2 + b1 + intra,,rf-1004 + rf-1007,any,any,peak 4 path + null,any,,s21 + s23+
spec_132,28,1,28,1,6,0,OPTIMAL,1,0,0,2,1,1,0,intra + any,,rf-1004,any,inter DU,any,emtc,,
spec_133,55,1,55,1,6,0,OPTIMAL,1,1,0,1,1,0,0,intra + any,any,rf-1007 + rf-1004,any,intra DU,mobility,any,nsa,
spec_134,64,1,64,1,6,0,OPTIMAL,0,0,1,1,1,0,2,,n77 + n5,rf-1005,any,intra DU,any,,any,
spec_135,68,1,68,1,6,0,OPTIMAL,1,0,0,2,0,1,0,b2 + b28,,rf-1001,,any,null,emtc,,any
spec_136,90,1,90,1,6,0,OPTIMAL,0,0,1,0,1,0,1,b28 + b3,n28,rf-1006 + rf-1000,,non ca,handover,,any,any
spec_137,99,1,99,1,6,0,OPTIMAL,1,1,1,1,1,0,1,b1,any,rf-1003,any,any,null,volte,any,
spec_138,100,1,100 + 756,2,6,0,OPTIMAL,1,1,0,1,1,0,0,intra + any,n77 + n78,rf-1007 + rf-1001,intra cc,any,peak 4 path,any,any,
spec_139,104,1,104,1,6,0,OPTIMAL,1,0,0,1,0,0,2,b7 + b28,,rf-1005,any,any,any,volte,,any
spec_140,138,1,138,1,6,0,OPTIMAL,1,1,0,1,1,0,0,b5 + b5,n78 + n78,any,any,any,null,nsa,any,any
spec_141,150,1,150,1,6,0,OPTIMAL,1,1,0,2,1,0,0,b28 + b28,any,any,intra cc,any,any,any,nr,
spec_142,152,1,152,1,6,0,OPTIMAL,1,1,0,1,1,0,0,any,any,rf-1007 + rf-1006,any,any,null,any,nr,
spec_143,161,1,161,1,6,0,OPTIMAL,1,1,0,2,1,0,0,any,any,rf-1001,inter cc,non ca,any,any,any,
spec_144,183,1,183,1,6,0,OPTIMAL,1,0,0,1,0,0,2,b28 + b28,,rf-1000 + rf-1004,any,any,any,emtc,,
spec_145,234,1,234,1,6,0,OPTIMAL,1,0,0,1,0,0,2,intra + any,,rf-1005 + rf-1001,inter cc,any,any,volte,,
spec_146,244,1,244,1,6,0,OPTIMAL,1,0,0,1,0,0,1,any,,rf-1003 + rf-1000 + rf-1001,any,inter DU,any,emtc,,
spec_147,259,1,259,1,6,0,OPTIMAL,0,0,1,0,1,0,2,b8 + b8,n7 + n7,any,any,non ca,any,,any,any
spec_148,274,1,274,1,6,0,OPTIMAL,0,0,1,0,1,0,2,b8 + b3,n7 + n3,rf-1001,any,any,any,,nr,s21
spec_149,280,1,280 + 504 + 878,3,6,0,OPTIMAL,1,0,0,1,0,0,0,b1 + b1,,any + any + any,any,any,mobility,emtc,,s23+
spec_150,287,1,287,1,6,0,OPTIMAL,1,1,0,1,1,0,0,b20 + b20,n28 + n78,rf-1005,,any,any,nsa,nsa,any
spec_151,290,1,290,1,6,0,OPTIMAL,1,1,0,1,1,0,0,b20,n41,rf-1007 + rf-1001,inter cc,any,handover,emtc,any,
spec_152,292,1,292,1,6,0,OPTIMAL,1,1,0,1,2,0,0,b7,any,any,any,intra DU,cell edge,any,nsa,
spec_153,293,1,130 + 293 + 316,3,6,0,OPTIMAL,1,0,0,2,0,0,0,b1,,any + any + any,inter cc,non ca,handover,any,,
spec_154,299,1,299,1,6,0,OPTIMAL,1,0,0,3,0,0,0,any,,rf-1001,intra cc,any,null,any,,any
spec_155,322,1,322,1,6,0,OPTIMAL,0,0,1,1,1,0,1,b20 + b20,n78 + n3,any,inter cc,non ca,any,,nr,s21
spec_156,324,1,94 + 324,2,6,0,OPTIMAL,1,0,0,1,0,0,0,inter + any,,any + any + any + any,any,any,handover,volte,,
spec_157,346,1,346,1,6,0,OPTIMAL,1,1,0,1,1,0,0,b7,n3,any,any,inter DU,any,volte,any,s23+
spec_158,387,1,387,1,6,0,OPTIMAL,1,0,0,1,0,1,0,intra + any,,rf-1007 + rf-1003 + rf-1002,intra cc,non ca,,any,,
spec_159,395,1,395 + 756,2,6,0,OPTIMAL,1,1,0,1,1,0,0,intra + any,n77,rf-1003,any,any,null,any,nr,6cc
spec_160,404,1,404,1,6,0,OPTIMAL,0,0,1,1,1,0,1,b8 + b2,n78 + n78,any + any,any,non ca,any,,any,
spec_161,425,1,425 + 473 + 726 + 787,4,6,0,OPTIMAL,1,0,0,1,0,0,0,b7,,any + any + any,intra cc,inter CU,any,any,,6cc
spec_162,505,1,505,1,6,0,OPTIMAL,0,0,1,0,1,0,3,b28 + b3,n77,any,intra cc,inter CU,any,,any,
spec_163,515,1,515,1,6,0,OPTIMAL,1,1,0,1,1,0,0,inter + any,n1 + n1,rf-1005,any,non ca,,any,any,6cc
spec_164,516,1,516 + 878,2,6,0,OPTIMAL,1,0,0,1,0,0,0,b2 + b2,,any + any + any,any,any,null,emtc,,s23+
spec_165,622,1,622 + 756,2,6,0,OPTIMAL,1,1,0,1,1,0,0,any,n77,rf-1007 + rf-1000,any,any,any,any,any,
spec_166,631,1,631,1,6,0,OPTIMAL,1,1,0,1,1,0,1,any,n3,rf-1005,any,intra DU,null,any,nsa,
spec_167,640,1,640,1,6,0,OPTIMAL,1,0,0,1,1,0,0,b20,,any + any,any,any,handover,any,,6cc
spec_168,644,1,644,1,6,0,OPTIMAL,1,1,0,1,1,0,0,b7 + b5,n7 + n3,any,any,inter CU,,nsa,nsa,any
spec_169,653,1,653,1,6,0,OPTIMAL,0,0,1,0,1,1,1,b28 + b28,n5 + n5,any,any,inter DU,,,any,s21
spec_170,657,1,657,1,6,0,OPTIMAL,0,0,1,0,1,0,1,any,any,any + any + any,,any,mobility,,any,
spec_171,658,1,658,1,6,0,OPTIMAL,1,1,0,1,1,0,0,b1 + b5,n78 + n78,rf-1004,any,non ca,any,nsa,nsa,s23+
spec_172,681,1,681,1,6,0,OPTIMAL,0,0,1,0,1,0,1,any,n78,rf-1002 + rf-1005,any,non ca,any,,any,any
spec_173,684,1,684,1,6,0,OPTIMAL,1,1,1,1,1,0,1,any,n3 + n78,rf-1007,intra cc,any,any,any,nr,
spec_174,688,1,688,1,6,0,OPTIMAL,1,1,0,1,2,0,0,any,n7,rf-1003,any,inter CU,peak 4 path,any,any,
spec_175,714,1,714,1,6,0,OPTIMAL,1,0,0,1,1,0,1,inter + any,,rf-1001 + rf-1003,inter cc,any,mobility,volte,,
spec_176,724,1,724,1,6,0,OPTIMAL,0,0,1,0,1,0,2,b3 + b3,inter + any,rf-1006,any,inter DU,any,,any,s21
spec_177,725,1,725,1,6,0,OPTIMAL,1,1,1,1,1,0,1,intra + any,any,rf-1003,,non ca,any,nsa,any,
spec_178,738,1,130 + 738,2,6,0,OPTIMAL,1,0,0,2,0,0,0,any,,rf-1003 + rf-1004,,any,,volte,,any
spec_179,743,1,743,1,6,0,OPTIMAL,1,1,0,1,1,1,0,inter + any,n3 + n3,any,intra cc,intra DU,any,any,nsa,
spec_180,791,1,791,1,6,0,OPTIMAL,0,0,1,1,1,0,1,b7,n1 + n41,rf-1000,intra cc,any,cell edge,,nr,6cc
spec_181,802,1,802,1,6,0,OPTIMAL,0,0,1,1,1,0,1,b8 + b1,n3,any,any,any,any,,any,s23+
spec_182,815,1,815,1,6,0,OPTIMAL,0,0,1,0,1,0,2,b3,n7 + n28,any,any,any,peak 4 path,,nr,6cc
spec_183,832,1,832,1,6,0,OPTIMAL,1,0,0,2,2,0,0,b1 + b1,,rf-1007,intra cc,any,null,volte,,
spec_184,840,1,840,1,6,0,OPTIMAL,0,0,1,0,1,0,1,,n78 + n77,rf-1006 + rf-1007 + rf-1003,any,any,cell edge,,nr,
spec_185,847,1,847,1,6,0,OPTIMAL,1,1,0,1,1,0,0,b5 + b5,any,any,any,any,peak 4 path,any,any,any
spec_186,863,1,863,1,6,0,OPTIMAL,1,1,0,1,2,0,0,b3 + b8,n5 + n7,rf-1006,inter cc,inter CU,any,any,any,
spec_187,880,1,880,1,6,0,OPTIMAL,0,0,1,0,1,0,1,,any,rf-1003 + rf-1007,any,any,,,nr,any
spec_188,890,1,890,1,6,0,OPTIMAL,1,0,0,3,0,1,0,inter + any,,any,any,any,,volte,,
spec_189,898,1,898,1,6,0,OPTIMAL,1,1,0,2,1,0,0,b28 + b28,n28 + n28,any,any,inter DU,null,any,any,
spec_190,907,1,907,1,6,0,OPTIMAL,1,0,0,1,0,0,1,b2,,rf-1004 + rf-1003,intra cc,inter CU,cell edge,any,,s21
spec_191,910,1,291 + 756 + 910,3,6,0,OPTIMAL,1,1,0,1,1,0,0,b28 + b1,n77 + n5,rf-1001,any,non ca,handover,any,any,s21
spec_192,914,1,914,1,6,0,OPTIMAL,1,0,0,1,1,1,0,b28,,rf-1002 + rf-1007,any,intra DU,mobility,any,,
spec_193,925,1,291 + 925,2,6,0,OPTIMAL,1,1,0,1,1,0,0,b1 + b1,n5 + n1,rf-1003,any,any,mobility,any,any,any
spec_194,929,1,878 + 929,2,6,0,OPTIMAL,1,0,0,1,0,0,0,b8 + b8,,rf-1000 + rf-1002 + rf-1001,any,any,any,emtc,,s21
spec_195,973,1,973,1,6,0,OPTIMAL,0,0,1,0,1,0,2,b20 + b20,n5 + n1,any + any,inter cc,inter DU,peak 4 path,,nr,
spec_196,991,1,991,1,6,0,OPTIMAL,1,1,0,1,1,0,0,b3,inter + any,any,any,intra DU,cell edge,nsa,nsa,s21
spec_197,26 + 35 + 75 + 111 + 238 + 335,6,26 + 35 + 36 + 75 + 111 + 179 + 238 + 334 + 335 + 471 + 616 + 861 + 937,13,7,14,OPTIMAL,1,0,0,1 + 3,0,0,0,b7 + intra,,rf-1003,intra cc,inter CU,peak 4 path + mobility,emtc,,any
spec_198,518 + 628 + 757 + 940 + 998,5,21 + 101 + 120 + 149 + 286 + 444 + 499 + 518 + 606 + 628 + 734 + 750 + 757 + 823 + 940 + 976 + 998,17,7,14,OPTIMAL,1,0,0,1,0 + 1,0,0,inter + b20,,rf-1004 + any,any,intra DU,cell edge,volte,,6cc + s23+
spec_199,166 + 632 + 647 + 868,4,92 + 166 + 179 + 220 + 471 + 557 + 606 + 632 + 647 + 726 + 861 + 868,12,7,13,OPTIMAL,1,0 + 1,0,1,0 + 1,0,0,inter + b3,any,any + any,intra cc,any,peak 4 path,emtc,any,any
spec_200,208 + 413 + 443 + 877,4,130 + 208 + 412 + 413 + 435 + 443 + 444 + 495 + 750 + 838 + 877,11,7,7,OPTIMAL,1,0,0,2 + 1,0,0,0,b7,,rf-1007 + rf-1006,inter cc,inter DU,any,volte,,6cc
spec_201,383 + 421 + 707 + 844,4,213 + 279 + 356 + 383 + 418 + 421 + 444 + 495 + 707 + 750 + 769 + 823 + 844 + 878 + 937,15,7,12,OPTIMAL,1,0,0,1,0 + 1,0,1 + 0,b3 + b3,,rf-1003 + rf-1002,inter cc,non ca,null,volte,,any
spec_202,9 + 139 + 230,3,9 + 139 + 230,3,7,9,OPTIMAL,1,1,0,1,1,0,0,inter + b7 + b7,n77 + n28 + n28,rf-1007,any,inter CU,peak 4 path,emtc + nsa,nr,s21
spec_203,24 + 253 + 689,3,24 + 253 + 412 + 471 + 689 + 726,6,7,8,OPTIMAL,1,0,0,1,1 + 0,0,0 + 1,any,,rf-1000 + rf-1004,intra cc,inter DU,null,any,,any
spec_204,29 + 228 + 326,3,29 + 228 + 326 + 959,4,7,3,OPTIMAL,1,1,0,1,1,0,0,intra + any,any,rf-1003 + rf-1007,inter cc,any,peak 4 path,nsa,nsa,any
spec_205,176 + 241 + 334,3,36 + 176 + 179 + 197 + 241 + 334 + 335 + 557 + 861 + 896 + 995,11,7,11,OPTIMAL,1,0 + 1,0,1,0 + 1,0,0 + 1,inter + b1,n3,rf-1001,inter cc,inter CU,null,emtc,nr,6cc
spec_206,445 + 721 + 825,3,36 + 179 + 197 + 220 + 334 + 335 + 444 + 445 + 504 + 557 + 589 + 606 + 616 + 721 + 750 + 787 + 795 + 823 + 825 + 861,20,7,9,OPTIMAL,1,0,0,1,1 + 0,0,0,b8 + b5,,any + any,any,inter CU,mobility,emtc + volte,,6cc
spec_207,708 + 711 + 864,3,36 + 130 + 179 + 334 + 442 + 708 + 711 + 813 + 864 + 937 + 957,11,7,14,OPTIMAL,1,0,0,1 + 2,0,0 + 1,0,b20 + intra,,rf-1003 + rf-1007,any,inter CU,handover + peak 4 path,emtc,,
spec_208,4 + 182,2,4 + 182,2,7,1,OPTIMAL,1,1,0,1,1,0,1,b2 + b2,intra + any,rf-1006,any,inter CU,any,nsa,nsa,s23+
spec_209,7 + 342,2,7 + 342,2,7,2,OPTIMAL,1,0,0,1,0,0,1,intra + any,,rf-1003 + rf-1005 + rf-1000,,intra DU,mobility,emtc,,s21
spec_210,11 + 956,2,11 + 442 + 726 + 750 + 937 + 956 + 957,7,7,5,OPTIMAL,1,0,0,1,0,1 + 0,0 + 2,intra + any,,rf-1000 + rf-1002,intra cc,any,any,volte,,
spec_211,43 + 215,2,43 + 215,2,7,2,OPTIMAL,0,0,1,0,1,0,1,inter + any,n5 + n77,rf-1002 + rf-1000 + rf-1001,any,intra DU,any,,any,s21
spec_212,74 + 543,2,74 + 130 + 316 + 543 + 713,5,7,3,OPTIMAL,1,0,0,2,0,0,0,b5 + b5,,rf-1001 + rf-1005 + rf-1004,any,intra DU,handover,emtc + volte,,
spec_213,95 + 691,2,36 + 95 + 616 + 691 + 937,5,7,13,OPTIMAL,0 + 1,0,1 + 0,0 + 1,1 + 0,0,2 + 0,b1 + b1,n41 + n41,rf-1005,inter cc,inter CU,cell edge + mobility,any,nr,
spec_214,114 + 180,2,114 + 180 + 937,3,7,6,OPTIMAL,1,0,0,1,1 + 0,0 + 2,0,intra + b7 + b7,,rf-1007,any,intra DU,any,any,,any
spec_215,124 + 859,2,124 + 859,2,7,2,OPTIMAL,1,1,0,1,1,0,0,b2 + b2,n3 + n1,any + any,any,any,any,any,any,s21
spec_216,127 + 164,2,127 + 164 + 179 + 412 + 557 + 616 + 689 + 734 + 861 + 937,10,7,13,OPTIMAL,1 + 0,0,0 + 1,1 + 0,0 + 1,0,0 + 1,intra + any,intra + any,rf-1000,any,inter DU,mobility + cell edge,emtc,nr,s23+
spec_217,133 + 758,2,133 + 758,2,7,2,OPTIMAL,1,1,1,1,1,0,1,inter + any,n77 + n28 + n7,rf-1000,,any,any,emtc,nr,6cc
spec_218,278 + 361,2,278 + 361,2,7,4,OPTIMAL,1,1,0,1,1,0,1 + 0,b8 + b3,intra + any,rf-1007,inter cc,any,mobility,emtc,any,6cc
spec_219,283 + 897,2,130 + 179 + 279 + 283 + 442 + 737 + 897 + 937 + 957,9,7,6,OPTIMAL,1,0,0,1 + 2,0,0 + 1,0,intra + b28,,rf-1006 + rf-1001,any,any,null,emtc,,
spec_220,312 + 441,2,312 + 441,2,7,1,OPTIMAL,1,0,0,3,0,0,0,inter + any,,rf-1005 + rf-1002 + rf-1006,any,inter DU,cell edge,volte,,
spec_221,348 + 492,2,348 + 492,2,7,1,OPTIMAL,1,0,0,1,0,0,1,any,,rf-1000 + rf-1002 + rf-1007,inter cc,inter CU,any,emtc,,any
spec_222,378 + 655,2,378 + 655,2,7,0,OPTIMAL,1,1,0,2,1,0,0,b3 + b5,n5 + n77,any,,any,any,any,nsa,s23+
spec_223,419 + 475,2,418 + 419 + 475 + 937,4,7,6,OPTIMAL,1,0,0,1 + 2,0,0,1 + 0,b5 + b5 + inter,,any,inter cc,non ca,handover,volte,,6cc
spec_224,433 + 483,2,433 + 483 + 754,3,7,4,OPTIMAL,1,1,0,2,1,0,0,intra + any,n3 + n3 + inter,any + any,inter cc,any,handover,any,nsa,
spec_225,598 + 649,2,94 + 130 + 316 + 598 + 649 + 750,6,7,2,OPTIMAL,1,0,0,1 + 2,0,0,0,b7,,any + any + any,any,non ca,handover,volte,,
spec_226,608 + 768,2,608 + 768,2,7,0,OPTIMAL,0,0,1,0,1,1,1,b1 + b7,any,rf-1004 + rf-1000,intra cc,intra DU,any,,any,s23+
spec_227,641 + 959,2,291 + 641 + 959,3,7,1,OPTIMAL,1,1,0,1,1,0,0,b20,n5 + n3,rf-1004 + rf-1007,inter cc,any,cell edge,nsa,any,any
spec_228,667 + 760,2,667 + 760,2,7,3,OPTIMAL,1,1,0,1,1,0,0,b2 + b7,inter + any,rf-1002 + any,any,inter CU,any,any,nr,any
spec_229,728 + 776,2,101 + 120 + 179 + 557 + 728 + 776 + 838,7,7,8,OPTIMAL,1,0,0,2 + 1,1 + 0,0,0,b8 + b3,,rf-1007,any,intra DU,any,emtc + volte,,
spec_230,733 + 788,2,733 + 788 + 937,3,7,6,OPTIMAL,1,0,0,1 + 2,0 + 2,0,0,b5 + b5 + intra,,rf-1002,any,intra DU,mobility,emtc,,
spec_231,804 + 846,2,804 + 846,2,7,4,OPTIMAL,1,0,0,1,1,1 + 0,0,b28 + b7 + b20,,rf-1005 + rf-1001,any,any,any,emtc,,any
spec_232,879 + 979,2,879 + 979,2,7,1,OPTIMAL,0,0,1,0,1,0,1,b8,any,any + any + any,any,any,handover,,nr,any
spec_233,954 + 981,2,954 + 981,2,7,6,OPTIMAL,1,1,0,1,1,0,0 + 1,b28 + b28 + b1,inter + n3 + n3,any,inter cc,any,peak 4 path,volte,any,6cc
spec_234,27,1,27,1,7,0,OPTIMAL,1,0,0,1,0,0,0,any,,any + any + any + any,,any,any,volte,,s23+
spec_235,41,1,41,1,7,0,OPTIMAL,1,1,0,1,1,1,1,b1 + b8,n28,any,any,any,peak 4 path,any,any,
spec_236,80,1,80,1,7,0,OPTIMAL,1,1,0,1,1,0,0,b1 + b1,n28 + n28,rf-1004 + rf-1007 + rf-1006,any,inter DU,any,emtc,any,
spec_237,102,1,102,1,7,0,OPTIMAL,1,1,1,1,1,0,1,b8,any,any,inter cc,inter DU,handover,nsa,nsa,any
spec_238,117,1,117,1,7,0,OPTIMAL,0,0,1,0,1,0,2,b5,any,any + any,,any,cell edge,,any,6cc
spec_239,128,1,128,1,7,0,OPTIMAL,0,0,1,0,1,0,1,b1 + b7,any,any + any + any,inter cc,inter CU,any,,nr,any
spec_240,137,1,137,1,7,0,OPTIMAL,1,1,1,1,1,0,2,any,n7 + n7,rf-1002,any,any,any,nsa,any,
spec_241,158,1,158,1,7,0,OPTIMAL,1,0,0,3,1,0,0,b2 + b5,,rf-1000,any,inter CU,peak 4 path,volte,,any
spec_242,165,1,165,1,7,0,OPTIMAL,1,1,1,2,1,0,1,b5,any,rf-1002,any,any,peak 4 path,any,nr,
spec_243,168,1,168,1,7,0,OPTIMAL,1,0,0,1,0,0,1,any,,rf-1005 + rf-1004 + rf-1000,intra cc,any,any,volte,,any
spec_244,226,1,226,1,7,0,OPTIMAL,1,0,0,1,1,0,1,b28 + b28,,rf-1001 + rf-1007,,any,any,emtc,,any
spec_245,233,1,233,1,7,0,OPTIMAL,1,1,0,1,2,1,0,any,n28 + n28,rf-1007,intra cc,inter CU,any,any,any,
spec_246,276,1,276,1,7,0,OPTIMAL,0,0,1,1,1,0,1,b3,any,rf-1007 + rf-1006 + rf-1003,any,any,any,,any,
spec_247,318,1,291 + 318 + 456 + 959,4,7,0,OPTIMAL,1,1,0,1,1,0,0,inter + any,n7 + n5,any + any,intra cc,any,any,nsa,nsa,any
spec_248,328,1,328,1,7,0,OPTIMAL,0,0,1,0,2,0,1,inter + any,any,rf-1000 + rf-1005,inter cc,non ca,,,any,s21
spec_249,330,1,330,1,7,0,OPTIMAL,1,1,0,1,1,0,0,inter + any,n1 + n41,rf-1004 + rf-1007 + rf-1000,any,any,any,any,nr,
spec_250,347,1,347,1,7,0,OPTIMAL,0,0,1,0,1,0,1,any,any,rf-1006 + rf-1000 + rf-1004,,any,cell edge,,nr,any
spec_251,349,1,349,1,7,0,OPTIMAL,1,1,1,1,1,0,1,b2 + b2,n5 + n5,rf-1007,any,non ca,,nsa,any,any
spec_252,353,1,353,1,7,0,OPTIMAL,1,0,0,2,0,0,1,intra + any,,rf-1000 + rf-1007 + rf-1001,any,any,peak 4 path,emtc,,
spec_253,355,1,355,1,7,0,OPTIMAL,1,1,1,1,1,0,1,b28 + b8,n1,any + any,any,any,mobility,any,any,
spec_254,363,1,363,1,7,0,OPTIMAL,0,0,1,0,1,0,2,b3,n5,rf-1006 + rf-1005,any,intra DU,null,,nr,any
spec_255,373,1,373,1,7,0,OPTIMAL,1,1,0,3,1,0,0,b5 + b5,n41,rf-1007,inter cc,any,,nsa,any,
spec_256,384,1,384 + 959,2,7,0,OPTIMAL,1,1,0,1,1,0,0,b28 + b2,n3,any + any,any,any,any,nsa,any,any
spec_257,415,1,415,1,7,0,OPTIMAL,1,0,0,2,0,0,1,b5 + b5,,any + any,any,any,,emtc,,s21
spec_258,423,1,316 + 423,2,7,0,OPTIMAL,1,0,0,2,0,0,0,b20,,any + any + any + any,any,any,mobility,volte,,
spec_259,438,1,438,1,7,0,OPTIMAL,1,1,1,1,1,0,1,b5 + b5,n78,rf-1005,inter cc,non ca,cell edge,volte,any,s23+
spec_260,468,1,468,1,7,0,OPTIMAL,1,1,0,1,1,0,0,inter + any,inter + any,rf-1004 + rf-1002,any,any,cell edge,any,any,6cc
spec_261,469,1,469,1,7,0,OPTIMAL,1,1,0,1,2,0,0,any,any,rf-1004 + rf-1003,any,any,,any,any,
spec_262,493,1,493,1,7,0,OPTIMAL,1,1,0,1,2,0,0,b20 + b1,n1 + n77,any + any,any,inter CU,any,nsa,any,
spec_263,494,1,494,1,7,0,OPTIMAL,1,1,1,1,2,0,1,any,intra + any,rf-1005,any,intra DU,,emtc,any,
spec_264,496,1,496,1,7,0,OPTIMAL,1,1,1,1,1,0,1,b3,n7 + n7,any,any,inter CU,null,nsa,any,s21
spec_265,512,1,512,1,7,0,OPTIMAL,1,1,0,2,1,0,0,any,n5 + n28,any,any,any,any,volte,nr,any
spec_266,523,1,523,1,7,0,OPTIMAL,1,1,0,2,1,0,0,b20,intra + any,any,any,any,cell edge,nsa,any,any
spec_267,549,1,549,1,7,0,OPTIMAL,1,1,0,2,1,0,0,b8,n7 + n1,any,any,intra DU,any,any,any,s23+
spec_268,553,1,553,1,7,0,OPTIMAL,1,0,0,1,0,0,1,b28,,any + any + any,intra cc,inter DU,any,volte,,any
spec_269,563,1,563,1,7,0,OPTIMAL,0,0,1,1,2,0,1,inter + any,n3 + n3,any,any,inter CU,cell edge,,nr,any
spec_270,603,1,603,1,7,0,OPTIMAL,1,1,0,1,1,0,2,intra + any,n28 + n77,rf-1003,any,any,peak 4 path,nsa,any,
spec_271,613,1,613,1,7,0,OPTIMAL,1,1,0,1,2,0,0,b3 + b3,intra + any,rf-1000,any,any,cell edge,any,any,any
spec_272,652,1,652,1,7,0,OPTIMAL,1,1,1,1,1,0,1,b5,n5 + n5,any,intra cc,any,mobility,emtc,nr,s23+
spec_273,659,1,659,1,7,0,OPTIMAL,1,1,1,1,1,0,1,b2,n1,rf-1002,,any,,nsa,nsa,any
spec_274,690,1,690,1,7,0,OPTIMAL,1,1,0,1,1,0,1,b3 + b5,n5 + n5,rf-1006,any,intra DU,any,emtc,nr,s23+
spec_275,731,1,731,1,7,0,OPTIMAL,0,0,1,0,1,1,1,any,any,rf-1007 + rf-1000,,non ca,null,,nr,s23+
spec_276,742,1,742,1,7,0,OPTIMAL,1,0,0,1,0,0,0,b28,,any + any + any + any,,non ca,,emtc,,any
spec_277,744,1,744,1,7,0,OPTIMAL,1,1,0,1,2,0,0,b5 + b20,n7 + n7,rf-1005 + rf-1000,any,any,any,nsa,any,
spec_278,747,1,747,1,7,0,OPTIMAL,1,1,0,1,1,0,0,inter + any,n28,rf-1006 + rf-1003,any,intra DU,any,any,any,s23+
spec_279,748,1,446 + 748,2,7,0,OPTIMAL,1,1,0,1,1,0,0,inter + any,n41 + n41,rf-1000 + rf-1001 + rf-1003,any,intra DU,mobility,emtc,nr,
spec_280,752,1,752,1,7,0,OPTIMAL,0,0,1,1,1,0,1,inter + any,n5 + n3,rf-1006 + rf-1001 + rf-1003,,inter CU,any,,nr,
spec_281,755,1,755,1,7,0,OPTIMAL,1,0,0,2,1,0,1,b28 + b28,,rf-1005 + rf-1006,any,intra DU,any,any,,
spec_282,772,1,772,1,7,0,OPTIMAL,1,0,0,1,0,1,0,b3 + b3,,rf-1001 + rf-1000 + rf-1007,,intra DU,mobility,any,,any
spec_283,774,1,72 + 130 + 316 + 362 + 774,5,7,0,OPTIMAL,1,0,0,2,0,0,0,intra + any,,rf-1007 + rf-1001 + rf-1006,any,any,any,volte,,s21
spec_284,782,1,782,1,7,0,OPTIMAL,1,1,0,1,2,0,0,intra + any,intra + any,any + any,any,any,cell edge,any,nr,
spec_285,784,1,784,1,7,0,OPTIMAL,1,1,0,1,2,0,0,b8,n78 + n78,any + any,inter cc,any,handover,volte,any,
spec_286,799,1,799,1,7,0,OPTIMAL,1,0,0,1,0,2,0,b20,,rf-1002 + rf-1004,any,any,any,emtc,,any
spec_287,826,1,826,1,7,0,OPTIMAL,0,0,1,1,2,0,1,intra + any,n78 + n41,rf-1002 + rf-1004,any,inter DU,any,,any,
spec_288,830,1,830,1,7,0,OPTIMAL,1,1,0,1,3,0,0,any,n3,any,,any,handover,any,any,
spec_289,835,1,835,1,7,0,OPTIMAL,1,1,0,1,1,0,1,any,intra + any,rf-1001 + rf-1006,intra cc,inter DU,any,nsa,any,
spec_290,852,1,852,1,7,0,OPTIMAL,1,1,0,1,1,0,0,any,any,rf-1005 + rf-1004 + rf-1000,any,any,handover,volte,any,
spec_291,876,1,876,1,7,0,OPTIMAL,1,0,0,3,0,1,0,b5,,any,any,inter DU,any,emtc,,6cc
spec_292,906,1,906,1,7,0,OPTIMAL,1,1,1,1,1,0,1,any,n78 + n78,rf-1004,any,any,any,any,nr,any
spec_293,920,1,920,1,7,0,OPTIMAL,1,0,0,3,1,0,0,b5 + b2,,rf-1001 + rf-1000,any,intra DU,,any,,
spec_294,926,1,926,1,7,0,OPTIMAL,1,1,0,2,1,0,0,b20 + b20,n7 + n7,any,any,any,cell edge,any,any,s23+
spec_295,943,1,943,1,7,0,OPTIMAL,1,1,1,1,1,0,2,b20 + b20,any,any,intra cc,non ca,,any,nsa,
spec_296,982,1,982,1,7,0,OPTIMAL,1,1,0,2,1,1,0,inter + any,n7 + n78,rf-1006,any,any,any,nsa,nsa,
spec_297,162 + 450 + 718 + 785 + 908,5,72 + 162 + 219 + 362 + 450 + 606 + 718 + 785 + 878 + 908 + 937,11,8,18,OPTIMAL,1,0,0,2 + 1,0 + 1,0,0,b3 + b28 + intra,,rf-1006 + rf-1002,inter cc,inter DU,any,volte,,6cc
spec_298,71 + 93 + 142 + 202,4,71 + 93 + 130 + 142 + 179 + 202 + 213 + 435 + 504 + 557 + 616 + 769 + 813 + 861,14,8,14,OPTIMAL,1,0,0,1 + 2,1 + 0,0,0,any,,rf-1007 + rf-1000,any,non ca,mobility + handover,emtc,,any
spec_299,149 + 491 + 693 + 976,4,101 + 149 + 286 + 435 + 444 + 478 + 491 + 693 + 823 + 838 + 947 + 976,12,8,12,OPTIMAL,1,0,0,1 + 2,0 + 1,0,0 + 1,b28,,rf-1004,any,intra DU,cell edge,volte,,6cc
spec_300,154 + 184 + 219 + 340,4,130 + 154 + 184 + 219 + 316 + 340 + 606,7,8,8,OPTIMAL,1,0,0,2 + 1,0,0,0,inter + b2,,rf-1006 + rf-1003 + any,any,intra DU,any,any,,s23+
spec_301,172 + 579 + 918 + 923,4,7 + 172 + 179 + 412 + 504 + 557 + 579 + 616 + 689 + 737 + 861 + 918 + 923,13,8,17,OPTIMAL,1,0 + 1,0 + 1,1,0 + 1,0,0 + 1,b28,n1,rf-1005 + rf-1002,any,inter DU,mobility,emtc,nsa,s21
spec_302,808 + 872 + 884 + 974,4,124 + 228 + 291 + 808 + 872 + 884 + 974,7,8,17,OPTIMAL,1,1,1 + 0,1,1,0,1 + 0,b2 + b2,n28 + n5,any,inter cc,non ca,any,emtc + nsa,any,any
spec_303,89 + 198 + 235,3,89 + 198 + 235,3,8,14,OPTIMAL,1,1,0 + 1,1,1,0,0 + 1,b5 + b5 + intra,n77,rf-1001 + any,any,inter DU,null,any,nsa + nr,
spec_304,92 + 145 + 407,3,92 + 145 + 407,3,8,7,OPTIMAL,1,1,0,1,1,0,0,b8,n28 + n41,any + any,intra cc,intra DU,any,volte + emtc,any,s23+
spec_305,122 + 281 + 955,3,122 + 281 + 823 + 955,4,8,6,OPTIMAL,1,0,0,1 + 2,1,0,0,b5 + b20,,rf-1001 + any,intra cc,inter CU,null,volte,,any
spec_306,131 + 393 + 996,3,131 + 291 + 393 + 959 + 996,5,8,10,OPTIMAL,1,1,1 + 0,1,1,0,1 + 0,b8,n5 + n3,rf-1003 + rf-1005,any,inter CU,cell edge,nsa,nsa,s23+
spec_307,542 + 573 + 578,3,130 + 219 + 435 + 444 + 542 + 573 + 578 + 606 + 734 + 750 + 762 + 838,12,8,11,OPTIMAL,1,0,0,2 + 1,0,0,1 + 0,b8 + b5,,rf-1000 + rf-1003,any,any,cell edge,volte,,s23+
spec_308,546 + 795 + 881,3,36 + 130 + 197 + 219 + 546 + 606 + 750 + 795 + 838 + 881,10,8,8,OPTIMAL,1,0,0,1 + 2,0,0,0 + 2,inter + any,,rf-1004 + any,any,inter CU,any,volte,,
spec_309,618 + 814 + 865,3,618 + 814 + 865,3,8,21,OPTIMAL,0 + 1,0 + 1,1 + 0,0 + 1,1,0,1 + 0,b1 + b2 + b5,intra + n78,rf-1003 + any,inter cc,inter DU,handover,volte,nr,6cc
spec_310,646 + 719 + 780,3,94 + 316 + 646 + 719 + 780 + 794,6,8,8,OPTIMAL,1,0,0,1 + 2,0,0,0,b3 + b5,,rf-1006 + rf-1003 + rf-1002 + rf-1004,intra cc,any,null,volte,,
spec_311,754 + 946 + 978,3,754 + 946 + 978,3,8,3,OPTIMAL,1,1,0,2,1,0,0,b20 + intra,n1 + n28,rf-1006 + rf-1004,any,intra DU,any,nsa,nsa,any
spec_312,81 + 284,2,81 + 113 + 130 + 284 + 412 + 442 + 813 + 937 + 957,9,8,9,OPTIMAL,1,0,0,1 + 2,0,1 + 0,0 + 1,intra + any,,rf-1003 + rf-1002,any,inter DU,handover,any,,
spec_313,83 + 157,2,83 + 157,2,8,4,OPTIMAL,1,0,0,2,1,0,0,b1 + b20,,any + any,any,non ca,cell edge,volte,,s23+ + 6cc
spec_314,143 + 155,2,143 + 155 + 291 + 378,4,8,3,OPTIMAL,1,1,0,1 + 2,1,0,0,intra + inter,n5 + n3,any,any,inter CU,peak 4 path,any,nsa,any
spec_315,204 + 216,2,204 + 216,2,8,6,OPTIMAL,0,0,1,0,1,1 + 0,2 + 1,b20 + b20,n77 + n7,rf-1003,any,any,peak 4 path,,nr,s23+
spec_316,297 + 484,2,43 + 297 + 484,3,8,7,OPTIMAL,0,0,1,1 + 0,1,0 + 1,1,intra + any,n3 + n7 + n7,rf-1000 + rf-1002,any,any,any,,nr,6cc
spec_317,310 + 323,2,310 + 323,2,8,4,OPTIMAL,1,1,0,1 + 2,1,0,0,b3 + b1,any,rf-1004,any,any,any,nsa,nsa,s23+
spec_318,360 + 367,2,360 + 367 + 878 + 937,4,8,13,OPTIMAL,0 + 1,0,1 + 0,0 + 1,1 + 0,0,1 + 0,intra + b8 + b8,inter + any,any + any,any,inter CU,mobility,any,any,any
spec_319,364 + 410,2,291 + 364 + 410,3,8,5,OPTIMAL,1,1,1 + 0,1,1,0,2 + 0,b20 + b20,n41 + n5,rf-1003,any,intra DU,peak 4 path,nsa,nsa,any
spec_320,398 + 454,2,398 + 454 + 942,3,8,6,OPTIMAL,1,1,0,1,1,1 + 0,0 + 1,inter + any,n28 + n3,any,any,inter CU,handover,any,any,any
spec_321,459 + 507,2,459 + 507 + 606,3,8,8,OPTIMAL,1,0,0,3 + 1,1 + 0,0,0,intra + b7 + b1,,rf-1002 + rf-1000,,any,any,emtc,,
spec_322,461 + 479,2,461 + 479 + 823,3,8,14,OPTIMAL,0 + 1,0 + 1,1 + 0,0 + 1,1,0,1 + 0,b1 + b28,any,rf-1003 + any,any,any,mobility + peak 4 path,volte,nr,s23+
spec_323,566 + 663,2,566 + 663,2,8,9,OPTIMAL,1 + 0,1 + 0,1,1 + 0,1,0,1,b28 + b28 + inter,n77 + n77,rf-1000 + rf-1004,inter cc,non ca,any,nsa,nsa,any
spec_324,568 + 591,2,435 + 568 + 591,3,8,2,OPTIMAL,1,0,0,3 + 2,0,0,0,b28,,rf-1006,any,intra DU,any,any,,s23+
spec_325,585 + 669,2,412 + 443 + 471 + 585 + 669,5,8,10,OPTIMAL,1 + 0,0,0 + 1,1 + 0,0 + 1,0,0 + 2,b8,any,rf-1006,intra cc,inter DU,cell edge,any,nr,any
spec_326,673 + 986,2,43 + 673 + 689 + 986,4,8,9,OPTIMAL,1 + 0,0,0 + 1,1 + 0,0 + 1,0,1,b1 + b5,inter + any,any + any,intra cc,inter DU,peak 4 path,any,nr,s21
spec_327,687 + 761,2,71 + 130 + 179 + 213 + 219 + 220 + 389 + 435 + 442 + 521 + 606 + 687 + 761 + 769 + 861 + 957 + 976,17,8,6,OPTIMAL,1,0,0,1 + 2,0,1 + 0,0,inter + any,,rf-1006 + rf-1004,any,non ca,cell edge,emtc,,6cc
spec_328,704 + 771,2,704 + 771,2,8,4,OPTIMAL,1,1,0,1 + 2,1,0,0,any,n7 + n7,rf-1006 + rf-1004,any,inter CU,mobility,nsa,any,
spec_329,842 + 911,2,101 + 130 + 179 + 219 + 220 + 606 + 628 + 702 + 842 + 911,10,8,7,OPTIMAL,1,0,0,1 + 2,0 + 2,0,0,b20 + b3,,rf-1001 + rf-1005,any,intra DU,any,emtc,,
spec_330,934 + 961,2,124 + 756 + 934 + 959 + 961,5,8,7,OPTIMAL,1,1,1 + 0,1,1,0,1 + 0,b2 + b2,n77,rf-1001 + rf-1000,any,any,any,nsa,nsa,6cc
spec_331,949 + 968,2,179 + 813 + 861 + 949 + 968,5,8,4,OPTIMAL,1,0,0,3 + 1,0,0,0,b5,,rf-1006 + rf-1002,any,any,peak 4 path + handover,emtc,,s21
spec_332,3,1,3,1,8,0,OPTIMAL,1,0,0,2,0,0,1,inter + any,,rf-1006 + rf-1004 + rf-1005,any,any,cell edge,any,,s23+
spec_333,10,1,10,1,8,0,OPTIMAL,1,1,1,1,1,0,1,b7 + b2,any,rf-1007 + rf-1001,inter cc,non ca,any,any,any,6cc
spec_334,12,1,12,1,8,0,OPTIMAL,1,0,0,1,1,0,0,b28 + b28,,rf-1003 + rf-1000 + rf-1005 + rf-1006,any,any,mobility,any,,s21
spec_335,67,1,67,1,8,0,OPTIMAL,1,1,0,1,1,1,0,b5 + b28,n41,any + any,inter cc,intra DU,any,nsa,nsa,any
spec_336,77,1,77,1,8,0,OPTIMAL,1,1,0,1,2,0,1,b8,n1 + n77,any + any,any,inter DU,any,nsa,any,
spec_337,98,1,98,1,8,0,OPTIMAL,1,1,1,1,1,0,1,any,n5,any + any + any,intra cc,non ca,mobility,any,any,
spec_338,110,1,110 + 316,2,8,0,OPTIMAL,1,0,0,2,0,0,0,any,,rf-1004 + rf-1001 + rf-1000 + rf-1007,any,intra DU,any,emtc,,s21
spec_339,170,1,170,1,8,0,OPTIMAL,1,1,0,2,2,0,0,b7,any,rf-1004,any,any,mobility,nsa,nsa,any
spec_340,196,1,196,1,8,0,OPTIMAL,1,1,1,1,2,0,1,b20 + b3,n77 + n78,rf-1005,any,any,,nsa,any,6cc
spec_341,240,1,240,1,8,0,OPTIMAL,1,1,0,2,1,0,1,b3 + b3,n28,rf-1007 + rf-1002,any,any,null,any,any,
spec_342,260,1,260,1,8,0,OPTIMAL,1,1,0,3,1,0,0,b8 + b8,inter + any,rf-1005 + rf-1006,any,any,mobility,nsa,nsa,
spec_343,295,1,295,1,8,0,OPTIMAL,1,0,0,2,0,1,0,any,,any + any + any,intra cc,non ca,any,emtc,,any
spec_344,303,1,303,1,8,0,OPTIMAL,1,0,0,2,0,2,0,b28,,rf-1003 + rf-1000,any,any,,any,,any
spec_345,336,1,336,1,8,0,OPTIMAL,1,1,1,2,1,0,1,any,n78 + n41,any,intra cc,any,mobility,volte,any,s21
spec_346,359,1,359,1,8,0,OPTIMAL,1,1,0,1,2,0,0,b1 + b1,n28 + n28,rf-1004 + rf-1006,,inter CU,any,nsa,any,any
spec_347,376,1,376,1,8,0,OPTIMAL,1,1,1,2,2,0,1,b1 + b2,n28 + n41,rf-1001,any,inter CU,cell edge,nsa,any,
spec_348,388,1,388,1,8,0,OPTIMAL,1,0,0,3,1,1,1,b3 + b3,,any,inter cc,any,,any,,
spec_349,408,1,408,1,8,0,OPTIMAL,0,0,1,0,1,0,1,intra + any,any,any + any + any + any,,non ca,,,nr,s23+
spec_350,426,1,426,1,8,0,OPTIMAL,1,1,0,3,1,0,0,inter + any,n1 + n1,rf-1000,any,non ca,handover,nsa,any,6cc
spec_351,439,1,439,1,8,0,OPTIMAL,1,1,1,2,1,0,1,b3 + b2,n7,rf-1006,any,any,any,any,nsa,any
spec_352,447,1,447,1,8,0,OPTIMAL,1,0,0,1,0,1,1,b20 + b2,,rf-1006 + rf-1004 + rf-1005,inter cc,intra DU,any,emtc,,6cc
spec_353,487,1,487,1,8,0,OPTIMAL,1,1,0,1,1,0,0,inter + any,n7 + n7,rf-1004 + rf-1000 + rf-1001,,any,any,any,any,any
spec_354,502,1,502,1,8,0,OPTIMAL,0,0,1,0,1,1,1,intra + any,inter + any,rf-1005 + rf-1002 + rf-1001 + rf-1000,inter cc,any,null,,nr,
spec_355,508,1,508,1,8,0,OPTIMAL,1,0,0,2,2,0,0,intra + any,,rf-1000 + rf-1006,inter cc,any,any,any,,s23+
spec_356,533,1,533,1,8,0,OPTIMAL,1,1,0,1,2,0,0,any,intra + any,rf-1000 + rf-1005,any,any,cell edge,any,any,any
spec_357,545,1,545,1,8,0,OPTIMAL,1,1,1,1,1,0,1,any,n5,any + any,any,any,any,emtc,nr,6cc
spec_358,547,1,547,1,8,0,OPTIMAL,1,1,1,1,2,0,1,b8 + b8,n78 + n78,any,any,non ca,any,nsa,nsa,6cc
spec_359,554,1,554,1,8,0,OPTIMAL,1,1,0,1,1,2,0,b3,n1 + n78,rf-1002,,any,mobility,emtc,nr,6cc
spec_360,569,1,569,1,8,0,OPTIMAL,1,1,0,1,3,0,0,b20,any,rf-1005,inter cc,any,mobility,nsa,nsa,6cc
spec_361,576,1,576,1,8,0,OPTIMAL,1,1,1,1,1,0,1,b20,any,rf-1003 + rf-1004,inter cc,non ca,any,nsa,any,any
spec_362,584,1,584,1,8,0,OPTIMAL,1,1,0,2,1,0,1,b5 + b5,n41,rf-1006,any,any,mobility,nsa,nsa,6cc
spec_363,586,1,586,1,8,0,OPTIMAL,1,1,0,1,2,0,0,b2,n78 + n7,rf-1001 + rf-1004,inter cc,any,any,nsa,any,s21
spec_364,590,1,590,1,8,0,OPTIMAL,1,0,0,1,1,1,0,inter + any,,rf-1003 + rf-1001 + rf-1007,inter cc,non ca,any,any,,s23+
spec_365,596,1,596,1,8,0,OPTIMAL,1,1,0,2,1,0,0,any,n3 + n3,any + any + any,,non ca,mobility,any,nr,
spec_366,604,1,604,1,8,0,OPTIMAL,1,0,0,3,1,0,0,any,,rf-1002 + rf-1001,any,any,any,volte,,s23+
spec_367,610,1,610,1,8,0,OPTIMAL,1,1,0,1,2,2,0,b28 + b3,n5,rf-1005,any,any,handover,nsa,nsa,
spec_368,624,1,624,1,8,0,OPTIMAL,1,1,1,1,1,0,1,b2 + b8,inter + any,any + any,,any,any,any,nr,any
spec_369,662,1,662,1,8,0,OPTIMAL,1,1,0,3,1,0,0,b7,any,rf-1006 + rf-1005,intra cc,non ca,handover,nsa,any,
spec_370,705,1,705,1,8,0,OPTIMAL,1,1,1,1,2,0,1,b5 + b8,n78 + n78,rf-1002 + rf-1004,any,intra DU,handover,nsa,nsa,
spec_371,723,1,723,1,8,0,OPTIMAL,1,1,1,1,1,0,1,intra + any,n5 + n77,any + any + any,any,any,any,any,nr,
spec_372,828,1,828,1,8,0,OPTIMAL,1,1,1,1,3,0,1,any,n3 + n3,rf-1007,any,any,handover,any,nsa,
spec_373,831,1,831,1,8,0,OPTIMAL,1,1,0,3,1,0,0,inter + any,intra + any,rf-1007 + rf-1003,any,any,,any,nsa,
spec_374,853,1,853,1,8,0,OPTIMAL,1,1,1,1,1,0,2,intra + any,n7 + n77,rf-1003,any,intra DU,mobility,any,nsa,s23+
spec_375,854,1,854,1,8,0,OPTIMAL,1,1,1,1,3,0,1,b5,n3 + n41,any,intra cc,any,any,any,any,
spec_376,875,1,875,1,8,0,OPTIMAL,1,1,0,2,2,0,1,intra + any,n7,any,any,any,handover,any,nsa,
spec_377,915,1,915,1,8,0,OPTIMAL,1,1,0,2,3,0,0,b7,n77,any,any,inter DU,any,emtc,nr,
spec_378,921,1,921,1,8,0,OPTIMAL,1,1,1,1,1,0,2,b1 + b3,n77,rf-1000,inter cc,non ca,any,any,nsa,s21
spec_379,932,1,932,1,8,0,OPTIMAL,1,1,0,1,1,0,0,b20 + b7,intra + any,any + any + any,any,any,peak 4 path,volte,any,6cc
spec_380,988,1,988,1,8,0,OPTIMAL,1,1,1,1,1,0,2,b7 + b8,any,rf-1001,any,any,any,any,any,any
spec_381,174 + 262 + 661 + 827 + 945,5,43 + 166 + 174 + 262 + 393 + 456 + 661 + 827 + 945,9,9,46,OPTIMAL,1 + 0,1 + 0,0 + 1,1 + 0,1,0,1 + 0,inter + b3,inter + n77 + n77,rf-1003 + rf-1002,intra cc,inter CU,mobility + null,nsa,nsa + nr,6cc
spec_382,195 + 206 + 389 + 694 + 779,5,71 + 87 + 130 + 179 + 195 + 206 + 213 + 219 + 220 + 389 + 435 + 471 + 606 + 694 + 726 + 734 + 769 + 779 + 813 + 861,20,9,18,OPTIMAL,1,0,0,2 + 1,0,0 + 2,0,b7 + b3,,rf-1004 + any,intra cc,non ca,handover,emtc,,s23+
spec_383,44 + 66 + 637 + 818,4,44 + 66 + 504 + 579 + 637 + 818 + 878 + 899 + 1000,9,9,29,OPTIMAL,0 + 1,0 + 1,1 + 0,1,1 + 0,0,1 + 0,b8 + b8,any,rf-1001 + rf-1004 + rf-1000,any,inter DU,null + mobility,any,nr,6cc
spec_384,332 + 460 + 485 + 534,4,130 + 316 + 327 + 332 + 460 + 485 + 534 + 713 + 787,9,9,11,OPTIMAL,1,0,0,1 + 2,0,0,1 + 0,b8,,rf-1003 + rf-1004 + rf-1001,any,inter CU,handover,emtc,,any
spec_385,817 + 833 + 913 + 935,4,557 + 817 + 833 + 913 + 935,5,9,19,OPTIMAL,1,0 + 1,0 + 1,2 + 1,1,0,0 + 1,b8 + b2,n1,rf-1006,any,inter CU,cell edge,emtc,nsa,s21
spec_386,16 + 39 + 52,3,16 + 39 + 52 + 213 + 606 + 769 + 813 + 899,8,9,14,OPTIMAL,1,0 + 1,0,1,0 + 2,0,0 + 1,inter + any,n28 + n28,rf-1002 + rf-1007,any,non ca,handover,any,nsa,6cc
spec_387,22 + 56 + 88,3,22 + 56 + 88 + 130 + 219 + 316 + 785,7,9,10,OPTIMAL,1,0,0,2,1 + 0,0,0,inter + b3,,rf-1006 + rf-1002 + any,inter cc,inter DU,mobility,volte + emtc,,s21
spec_388,78 + 887 + 904,3,72 + 78 + 362 + 878 + 887 + 904 + 937,7,9,14,OPTIMAL,1,1 + 0,0,1 + 2,1 + 0,0,0,intra + b5 + b5,n28,rf-1005 + any,any,non ca,handover,volte,any,s23+
spec_389,153 + 716 + 749,3,153 + 716 + 749,3,9,10,OPTIMAL,1,1,1 + 0,1,2 + 1,0,1 + 0,inter + any,any,rf-1003,inter cc,inter DU,any,nsa,nsa,s21
spec_390,160 + 178 + 751,3,160 + 178 + 751,3,9,22,OPTIMAL,0 + 1,0 + 1,1 + 0,0 + 1,1 + 2,0,1 + 0,b3 + b7 + inter,n77 + inter,any,inter cc,intra DU,peak 4 path,any,nr,s21
spec_391,242 + 883 + 916,3,124 + 242 + 883 + 916,4,9,7,OPTIMAL,1,1,0,2 + 1,1,0,0,b2 + b2,inter + any,any,any,intra DU,any,volte + nsa,nr,6cc
spec_392,247 + 765 + 775,3,43 + 247 + 386 + 442 + 444 + 504 + 589 + 606 + 616 + 629 + 678 + 734 + 750 + 765 + 775 + 823 + 957,17,9,22,OPTIMAL,0 + 1,0,1 + 0,0 + 1,1 + 0,1 + 0,1 + 0,b20 + b7,n7 + n5,rf-1001 + rf-1000,any,any,mobility,volte,any,s23+
spec_393,255 + 301 + 401,3,219 + 220 + 255 + 301 + 401 + 606,6,9,15,OPTIMAL,1,0,0,2 + 1,0,0 + 1,0,inter + b5 + b1,,rf-1000 + rf-1007,intra cc,any,null,volte + emtc,,any
spec_394,325 + 327 + 801,3,325 + 327 + 801,3,9,10,OPTIMAL,1,0,0,2 + 1,1 + 0,0,1,b3 + b8,,rf-1003 + rf-1004,any,inter CU,any,any,,any
spec_395,358 + 548 + 895,3,26 + 120 + 185 + 279 + 358 + 418 + 548 + 895 + 937,9,9,15,OPTIMAL,1,0,0,2 + 1,0 + 1,0,0 + 1,inter + b20 + b20,,rf-1003,inter cc,intra DU,null,volte + emtc,,6cc
spec_396,369 + 446 + 500,3,291 + 369 + 446 + 500,4,9,7,OPTIMAL,1,1,0,1 + 2,1,0,0,b3,n5,rf-1005 + rf-1004,any,intra DU,mobility,nsa,nsa + nr,
spec_397,526 + 636 + 660,3,526 + 636 + 660,3,9,10,OPTIMAL,1,0 + 1,0,1,1,1,0,intra + b28,any,any + any,inter cc,non ca,handover,emtc,nr,s23+ + 6cc
spec_398,635 + 672 + 706,3,412 + 504 + 579 + 606 + 616 + 635 + 672 + 706 + 759,9,9,12,OPTIMAL,1,0 + 1,0,1,0 + 1,0,0 + 2,b2 + b20,n41,rf-1005 + rf-1002,any,inter DU,mobility,any,nsa,any
spec_399,699 + 709 + 741,3,179 + 220 + 557 + 606 + 699 + 709 + 734 + 737 + 741 + 861 + 896,11,9,20,OPTIMAL,1 + 0,0,0 + 1,1 + 0,0 + 1,0,0 + 1,b28 + b1,n77,rf-1002 + rf-1001,any,any,null,emtc,nr,s21 + s23+
spec_400,789 + 855 + 993,3,326 + 789 + 855 + 993,4,9,13,OPTIMAL,1,1,0 + 1,1,1 + 2,0,1 + 0,inter + any,intra + any,rf-1007,any,non ca,cell edge,nsa,nsa,s21
spec_401,34 + 58,2,34 + 58,2,9,9,OPTIMAL,1 + 0,1 + 0,1,2 + 0,1 + 2,0,1,b7,n1 + n1,rf-1007,any,intra DU,any,emtc,any,
spec_402,70 + 91,2,70 + 91,2,9,11,OPTIMAL,1 + 0,0,0 + 1,1 + 0,0 + 1,2 + 0,1,b8 + b8,n7,rf-1006,any,any,any,any,any,any
spec_403,106 + 211,2,106 + 153 + 211 + 228 + 379,5,9,8,OPTIMAL,1,1,0 + 1,1,2 + 1,0,0 + 1,inter + b7 + b7,any,any + any,inter cc,any,cell edge,nsa,nsa,
spec_404,108 + 777,2,108 + 777,2,9,4,OPTIMAL,1,1,0,2,2,0,0,inter + b20 + b20,n5 + n41,rf-1002 + rf-1004,intra cc,intra DU,null,emtc,nr,any
spec_405,171 + 611,2,171 + 197 + 556 + 611 + 844 + 937,6,9,8,OPTIMAL,1,0,0,1 + 3,0 + 1,0,0 + 1,b3 + b3 + b5,,any,inter cc,inter CU,cell edge,any,,s21
spec_406,173 + 621,2,173 + 621,2,9,5,OPTIMAL,1,1,0,1 + 2,1,1,0,b20 + b5,inter + any,any,any,non ca,mobility,any,nsa,any
spec_407,187 + 189,2,187 + 189 + 435,3,9,10,OPTIMAL,1 + 0,0,0 + 1,2 + 0,0 + 2,0,0 + 1,b8 + b8,n41 + n28,any,inter cc,any,handover,emtc,any,any
spec_408,372 + 458,2,372 + 458,2,9,6,OPTIMAL,1,1,0,1,1 + 2,0,0,b1 + b20 + b3,n3 + n1,rf-1000 + any,any,inter DU,any,any,nsa,s21
spec_409,382 + 528,2,382 + 528 + 808,3,9,10,OPTIMAL,1,1,1 + 0,1,1 + 2,0,1 + 0,b2 + b28,n3 + n3 + n1,any,inter cc,inter CU,handover,nsa,nsa,s21
spec_410,392 + 416,2,392 + 416,2,9,7,OPTIMAL,1,1,1 + 0,1,1,0,2 + 1,b8 + b8,n77,any,intra cc,inter DU,cell edge + null,nsa,nsa,s23+
spec_411,394 + 529,2,394 + 529,2,9,2,OPTIMAL,1,1,0,1,1,0,0,any,n77 + n7,rf-1003 + rf-1007 + rf-1006 + rf-1001,any,non ca,null,any,nsa,any
spec_412,429 + 627,2,429 + 456 + 627,3,9,8,OPTIMAL,1,1,0,1,2 + 1,0 + 1,0,b8 + b28,n3 + n5 + n7,any + any,intra cc,any,null,nsa,nsa,
spec_413,448 + 490,2,71 + 72 + 130 + 179 + 213 + 291 + 362 + 435 + 448 + 490 + 557 + 737 + 754 + 769 + 861 + 878 + 937,17,9,9,OPTIMAL,1,1 + 0,0,2 + 1,1 + 0,0,0,b28 + b28,n5 + n7,rf-1006 + rf-1002,any,non ca,any,emtc,nr,any
spec_414,455 + 836,2,455 + 836,2,9,6,OPTIMAL,1,1,1 + 0,1,1,0,1,b1 + b2,inter + n1 + n1,rf-1000 + rf-1003 + rf-1004,any,non ca,mobility,emtc,nr,6cc
spec_415,472 + 544,2,472 + 544,2,9,7,OPTIMAL,1,1,0 + 1,1,1,0,0 + 3,b7 + b1,inter + n1 + n1,any,any,inter DU,any,nsa,nr,s23+
spec_416,501 + 571,2,501 + 571,2,9,9,OPTIMAL,1,1,0,1,1,0,1 + 0,intra + b7 + b28,n3 + n3 + inter,rf-1001 + rf-1003 + any,any,intra DU,cell edge,volte + emtc,any,
spec_417,525 + 538,2,525 + 538 + 734 + 762 + 937 + 957,6,9,13,OPTIMAL,0 + 1,0,1 + 0,0 + 1,1 + 0,0 + 1,2 + 0,b5 + b5,n28,any,any,any,peak 4 path,any,any,s23+
spec_418,625 + 639,2,378 + 625 + 639 + 754,4,9,6,OPTIMAL,1,1,0,2,1,0,0,b2 + b5,n7 + n78,any + any,any,inter DU,handover + mobility,nsa,any,s23+ + s21
spec_419,643 + 650,2,7 + 172 + 643 + 650,4,9,11,OPTIMAL,1 + 0,0,0 + 1,1,0 + 2,0,1,b1 + b1,any,rf-1005 + rf-1007,any,any,cell edge + mobility,emtc,any,any
spec_420,767 + 770,2,767 + 770,2,9,6,OPTIMAL,0,0,1,0,1,0,2 + 1,b20 + b5,n5,rf-1002 + any,any,non ca,null,,nr,6cc + s21
spec_421,781 + 811,2,781 + 811,2,9,15,OPTIMAL,0 + 1,0 + 1,1 + 0,0 + 1,1,0 + 1,1 + 0,b5 + b5 + intra,n3 + n3,any + any,intra cc,any,null,nsa,nsa,s21
spec_422,834 + 882,2,834 + 882,2,9,8,OPTIMAL,1,1,1 + 0,1,1,0 + 1,2 + 0,b2 + b7,intra + any,any,inter cc,any,peak 4 path,emtc,any,any
spec_423,2,1,2,1,9,0,OPTIMAL,1,1,1,1,2,0,1,b5 + b20,intra + any,any + any,any,any,any,nsa,nsa,any
spec_424,17,1,17,1,9,0,OPTIMAL,1,1,1,1,1,0,3,inter + any,n7 + n7,rf-1000,any,any,peak 4 path,any,any,any
spec_425,32,1,32,1,9,0,OPTIMAL,1,1,1,1,2,0,2,inter + any,n7 + n7,any + any,intra cc,any,handover,nsa,any,
spec_426,115,1,115,1,9,0,OPTIMAL,1,1,0,2,3,0,0,any,any,rf-1006 + rf-1001,intra cc,inter DU,any,any,nsa,
spec_427,135,1,135,1,9,0,OPTIMAL,1,0,0,1,1,0,2,b28 + b20,,any + any + any + any,any,inter CU,mobility,any,,
spec_428,146,1,146,1,9,0,OPTIMAL,1,1,0,1,3,0,0,any,any,any + any + any,any,non ca,peak 4 path,any,nsa,
spec_429,148,1,148,1,9,0,OPTIMAL,1,1,1,2,1,0,1,any,intra + any,rf-1005 + rf-1000,any,any,mobility,any,any,s21
spec_430,192,1,192,1,9,0,OPTIMAL,1,1,0,2,1,0,1,b28 + b28,n77,rf-1001 + rf-1006,any,any,any,any,nsa,s23+
spec_431,223,1,223,1,9,0,OPTIMAL,1,1,1,1,1,1,1,b20,n41,any + any,any,any,any,nsa,nsa,any
spec_432,224,1,224,1,9,0,OPTIMAL,1,1,1,1,2,0,3,b8 + b1,inter + any,any,inter cc,any,cell edge,nsa,any,
spec_433,245,1,245,1,9,0,OPTIMAL,1,1,0,1,1,0,2,b20 + b20,intra + any,rf-1005 + rf-1002,inter cc,non ca,cell edge,volte,nr,s23+
spec_434,258,1,258,1,9,0,OPTIMAL,1,1,0,1,3,1,0,any,n28 + n1,rf-1006,any,non ca,any,emtc,any,s21
spec_435,267,1,267,1,9,0,OPTIMAL,1,1,1,2,1,0,1,intra + any,any,rf-1002 + rf-1003,any,any,mobility,any,any,any
spec_436,288,1,288,1,9,0,OPTIMAL,1,1,1,1,2,0,1,b7,intra + any,rf-1002 + rf-1006 + rf-1000,inter cc,intra DU,any,nsa,nsa,
spec_437,311,1,311,1,9,0,OPTIMAL,1,1,0,1,1,1,0,inter + any,n28,rf-1002 + rf-1000 + rf-1003 + rf-1007,any,intra DU,any,any,nsa,
spec_438,351,1,351,1,9,0,OPTIMAL,1,1,0,1,1,0,1,any,n1,rf-1000 + rf-1004 + rf-1002,any,inter CU,any,any,any,s23+
spec_439,371,1,371,1,9,0,OPTIMAL,1,1,1,1,1,0,1,any,n41,any + any + any,any,any,any,any,nsa,s23+
spec_440,375,1,375,1,9,0,OPTIMAL,1,1,1,1,1,0,1,b5,any,rf-1000 + rf-1004 + rf-1002,,any,null,any,any,any
spec_441,391,1,391,1,9,0,OPTIMAL,1,1,0,2,1,0,0,any,any,any + any + any,,inter CU,any,nsa,any,s23+
spec_442,420,1,420,1,9,0,OPTIMAL,1,1,0,1,2,1,0,b5,n41 + n7,any + any,any,any,mobility,any,any,any
spec_443,592,1,592,1,9,0,OPTIMAL,1,1,0,2,1,1,0,b2,any,any + any,,inter DU,null,any,nsa,any
spec_444,599,1,599,1,9,0,OPTIMAL,1,1,0,2,2,1,0,b5,n41,rf-1002,any,any,peak 4 path,any,nr,s21
spec_445,665,1,665,1,9,0,OPTIMAL,1,1,0,2,1,0,0,any,n41 + n41,any + any + any + any,any,any,any,emtc,any,
spec_446,671,1,671,1,9,0,OPTIMAL,0,0,1,0,2,1,3,any,n1 + n5,rf-1002 + rf-1004,any,non ca,mobility,,nr,
spec_447,686,1,686,1,9,0,OPTIMAL,1,1,0,3,1,0,0,intra + any,inter + any,rf-1000 + rf-1006,any,any,peak 4 path,any,nsa,any
spec_448,745,1,745,1,9,0,OPTIMAL,1,1,1,1,2,0,2,b2,n7 + n77,any,intra cc,intra DU,any,any,nsa,s23+
spec_449,805,1,805,1,9,0,OPTIMAL,1,1,0,1,3,0,1,any,inter + any,any,inter cc,intra DU,handover,emtc,nr,any
spec_450,806,1,806,1,9,0,OPTIMAL,1,1,1,1,3,0,2,b1,n5 + n5,any,any,any,any,nsa,any,
spec_451,816,1,816,1,9,0,OPTIMAL,1,1,1,1,2,0,2,inter + any,intra + any,any,any,any,cell edge,nsa,nsa,6cc
spec_452,917,1,917,1,9,0,OPTIMAL,1,1,1,1,1,2,1,b28,inter + any,rf-1001,any,any,handover,nsa,any,any
spec_453,924,1,924,1,9,0,OPTIMAL,1,1,1,2,1,1,1,inter + any,n7 + n78,any,any,non ca,any,any,any,s21
spec_454,931,1,931,1,9,0,OPTIMAL,1,1,1,1,1,1,1,b20,n77 + n78,any + any,any,any,any,emtc,any,s23+
spec_455,933,1,933,1,9,0,OPTIMAL,1,1,1,2,1,0,2,any,n3 + n3,rf-1006,,any,any,nsa,nsa,6cc
spec_456,967,1,967,1,9,0,OPTIMAL,1,1,1,2,1,0,3,b8,n77,any,inter cc,inter CU,any,nsa,any,
spec_457,987,1,987,1,9,0,OPTIMAL,1,1,1,3,1,0,1,intra + any,intra + any,rf-1006,inter cc,inter DU,mobility,emtc,any,6cc
spec_458,19 + 46 + 406 + 701 + 713 + 990,6,19 + 46 + 130 + 179 + 386 + 406 + 435 + 442 + 504 + 521 + 616 + 701 + 713 + 861 + 957 + 990,16,10,22,OPTIMAL,1,0,0,2 + 1,0,0 + 1,2 + 0,b8,,rf-1004 + rf-1001,inter cc,any,mobility,emtc,,s21
spec_459,38 + 62 + 513 + 550 + 885,5,38 + 60 + 62 + 72 + 130 + 179 + 279 + 314 + 362 + 435 + 513 + 550 + 861 + 878 + 885 + 937,16,10,25,OPTIMAL,1,1 + 0,0,1 + 2,2 + 0,0,0,intra + b20,n1 + n78,rf-1006 + rf-1004,any,any,null,emtc,nsa,6cc
spec_460,317 + 343 + 352 + 889 + 927,5,130 + 179 + 219 + 220 + 317 + 343 + 352 + 386 + 435 + 442 + 444 + 504 + 521 + 557 + 589 + 606 + 616 + 734 + 750 + 762 + 823 + 838 + 861 + 889 + 896 + 927 + 957,27,10,32,OPTIMAL,1,0,0,1 + 2,1 + 0,0 + 1,0,b5 + b1,,rf-1001 + rf-1000,any,any,cell edge + mobility,emtc + volte,,s23+
spec_461,273 + 403 + 870 + 953,4,273 + 403 + 870 + 953,4,10,28,OPTIMAL,1 + 0,1 + 0,0 + 1,1 + 0,2 + 1,0,0 + 2,b7 + b20,n7 + n41,rf-1003,any,inter DU,handover,nsa,nr,any
spec_462,18 + 84 + 892,3,18 + 84 + 473 + 726 + 892,5,10,17,OPTIMAL,1 + 0,0,0 + 1,1 + 0,0 + 2,0,0 + 1,any,n78,any + any + any,intra cc,inter DU,handover,any,any,s23+
spec_463,45 + 602 + 729,3,45 + 71 + 87 + 179 + 213 + 220 + 557 + 602 + 606 + 729 + 734 + 769 + 861 + 995,14,10,17,OPTIMAL,1,1 + 0,0,1,1 + 0,0 + 2,0,b7 + b8,n3,rf-1000 + rf-1001,inter cc,non ca,any,emtc,nr,s23+ + s21
spec_464,61 + 379 + 465,3,61 + 379 + 465,3,10,7,OPTIMAL,1,1,0,1,2,0,0,intra + any,n41,rf-1005 + rf-1002,any,any,cell edge,volte + emtc,nr + nsa,any
spec_465,79 + 193 + 200,3,72 + 79 + 130 + 193 + 200 + 213 + 279 + 362 + 435 + 442 + 471 + 521 + 555 + 726 + 734 + 737 + 769 + 878 + 937 + 957,20,10,19,OPTIMAL,1,0 + 1,0,1 + 2,1 + 0,0 + 1,0,b28 + intra,n1,rf-1002 + any,intra cc,non ca,peak 4 path + null,any,any,s23+
spec_466,96 + 222 + 715,3,96 + 222 + 715 + 794,4,10,11,OPTIMAL,1,0,0,1,0 + 2,0 + 1,0,b2 + b2 + inter,,rf-1004 + rf-1007 + rf-1002 + rf-1005,intra cc,any,peak 4 path,emtc,,any
spec_467,201 + 427 + 462,3,201 + 427 + 462,3,10,11,OPTIMAL,1 + 0,1 + 0,1,1,1,0,3 + 1,any,n7 + inter,any,intra cc,intra DU,any,any,nr,s21
spec_468,307 + 470 + 766,3,307 + 470 + 766,3,10,7,OPTIMAL,1,1,1,1,2 + 1,0,1,b5 + inter,n3 + n3,rf-1007 + any,intra cc,inter DU,any,volte,nsa,s21
spec_469,486 + 656 + 983,3,22 + 219 + 486 + 656 + 785 + 983,6,10,20,OPTIMAL,1,0,0,2,1 + 0,0 + 1,0,inter + b7 + b1,,rf-1006 + rf-1002,inter cc,inter DU,mobility + handover,volte + emtc,,s21 + 6cc
spec_470,664 + 753 + 764,3,220 + 606 + 664 + 753 + 764 + 878 + 937,7,10,19,OPTIMAL,0 + 1,0,1 + 0,0 + 1,2 + 0,0,2 + 0,intra + b28 + b3,any,rf-1001 + rf-1006,any,non ca,cell edge,emtc,nr,any
spec_471,739 + 962 + 975,3,739 + 962 + 975,3,10,18,OPTIMAL,1,1,0 + 1,1 + 2,1,0 + 1,0 + 1,b5,n5 + n5 + inter,rf-1004,any,any,handover,nsa,nr + nsa,
spec_472,15 + 65,2,15 + 65,2,10,5,OPTIMAL,1,1,1,1,1 + 3,0 + 1,1,b28,n5 + n5,rf-1001,any,inter DU,null,nsa,nsa,
spec_473,30 + 63,2,30 + 63,2,10,11,OPTIMAL,1,1,1 + 0,1,2 + 1,0,1 + 0,intra + any,intra + n41 + n41,rf-1001 + rf-1003 + rf-1006,,inter DU,cell edge,nsa,nsa,
spec_474,48 + 971,2,48 + 94 + 473 + 726 + 750 + 878 + 971,7,10,9,OPTIMAL,1,0,0,1,1 + 0,0,2 + 0,b20 + b20,,rf-1006 + rf-1004 + rf-1002,intra cc,any,null,emtc + volte,,s21
spec_475,167 + 252,2,167 + 252 + 557 + 689,4,10,13,OPTIMAL,0 + 1,0,1 + 0,0 + 1,3 + 1,0 + 1,1 + 0,b8 + b7,n7,rf-1003,any,inter DU,mobility,emtc,any,
spec_476,186 + 188,2,186 + 188,2,10,12,OPTIMAL,0 + 1,0 + 1,1,0 + 1,1,0,1 + 2,intra + b1 + b5,n5 + inter,rf-1006 + rf-1005,any,any,cell edge,nsa,nsa,s21
spec_477,203 + 232,2,130 + 203 + 219 + 232 + 435 + 521,6,10,9,OPTIMAL,1,0 + 1,0,2,0 + 2,0 + 1,0,b8 + b7,n5,rf-1007 + rf-1001,any,inter DU,null,nsa,nsa,6cc
spec_478,214 + 236,2,214 + 236 + 393,3,10,11,OPTIMAL,1,1,0 + 1,1,1,0 + 1,0 + 1,intra + inter,inter + any,rf-1003,any,inter DU,mobility,emtc + nsa,nr + nsa,s23+
spec_479,331 + 333,2,92 + 331 + 333 + 959,4,10,8,OPTIMAL,1,1,0,1,1,1 + 0,0,b5,intra + any,rf-1002 + rf-1006,intra cc,any,null,nsa + emtc,nsa + nr,any
spec_480,368 + 380,2,368 + 380,2,10,7,OPTIMAL,1,1,0,2 + 1,1,0 + 1,0,b7 + b7,n7,rf-1002,inter cc,any,handover,any,nr,s23+ + 6cc
spec_481,432 + 452,2,432 + 452,2,10,5,OPTIMAL,0,0,1,1,1,0,3 + 1,b1 + b1,inter + any,rf-1000 + any,any,any,cell edge,,any,6cc
spec_482,437 + 477,2,437 + 477,2,10,4,OPTIMAL,1,1,0,1,3,1 + 0,0,intra + any,inter + n41,any + any + any,inter cc,inter DU,null,any,any,
spec_483,457 + 581,2,457 + 581,2,10,13,OPTIMAL,1 + 0,1 + 0,0 + 1,1 + 0,1,0,0 + 2,b20 + intra,n3 + n78 + n41,any + any + any,intra cc,any,mobility,any,nr,any
spec_484,464 + 474,2,464 + 474,2,10,12,OPTIMAL,1 + 0,1 + 0,1,1,1,0 + 1,2 + 1,b2 + b5,n3,rf-1001,any,any,null,any,nsa + nr,
spec_485,476 + 951,2,16 + 476 + 951,3,10,10,OPTIMAL,1,1 + 0,1 + 0,1,2,0,2 + 0,b8 + b28,inter + any,rf-1007 + rf-1005,inter cc,intra DU,handover + null,nsa,any,any
spec_486,480 + 530,2,480 + 530,2,10,10,OPTIMAL,0,0,1,1 + 0,1,1 + 0,1 + 2,b8 + b8,n77 + n28,rf-1006 + rf-1003,,any,handover + peak 4 path,,nr,s23+
spec_487,509 + 558,2,509 + 558 + 959,3,10,12,OPTIMAL,0 + 1,0 + 1,1 + 0,1,1 + 2,0,1 + 0,b5,inter + any,rf-1003 + rf-1002,inter cc,any,mobility,nsa,any,any
spec_488,551 + 695,2,72 + 219 + 220 + 362 + 551 + 606 + 695 + 878 + 895 + 937,10,10,11,OPTIMAL,1,0,0,1 + 2,0,0,2 + 0,b2 + b2 + inter,,rf-1007 + any,inter cc,any,peak 4 path + mobility,volte + emtc,,s23+
spec_489,574 + 902,2,574 + 902,2,10,14,OPTIMAL,0 + 1,0,1 + 0,0 + 3,1 + 0,0,1 + 0,intra + b28,any,rf-1000 + any,inter cc,inter DU,peak 4 path + null,any,nr,any
spec_490,594 + 668,2,594 + 668,2,10,12,OPTIMAL,1,1,0,2 + 1,1,0 + 1,1 + 0,b1 + b20,n41 + n41,rf-1005 + rf-1003,inter cc,any,peak 4 path + cell edge,nsa,any,
spec_491,601 + 619,2,43 + 601 + 619,3,10,11,OPTIMAL,0 + 1,0 + 1,1,0 + 1,2 + 1,0,1,inter + b8,n1 + n28,rf-1004 + rf-1000,inter cc,any,any,any,nr,s23+
spec_492,778 + 980,2,778 + 980,2,10,8,OPTIMAL,1,1,0,1,1 + 2,0,0 + 1,intra + b28 + b28,inter + intra,rf-1007,intra cc,any,any,nsa,nsa,s21 + s23+
spec_493,798 + 803,2,228 + 798 + 803 + 959,4,10,9,OPTIMAL,1,1,0 + 1,2 + 1,1,0,0 + 1,b5 + intra,intra + any,rf-1003 + rf-1005,inter cc,any,null,nsa,nsa,s23+
spec_494,800 + 857,2,800 + 857,2,10,11,OPTIMAL,1 + 0,0,0 + 1,1 + 0,0 + 2,0,0 + 2,b20,n1,rf-1000 + rf-1003 + rf-1007,inter cc,any,any,any,nr,
spec_495,848 + 858,2,124 + 848 + 858,3,10,8,OPTIMAL,1,1,1 + 0,1 + 2,1,0,1 + 0,b2 + b2 + intra,any,rf-1007 + rf-1001,intra cc,intra DU,any,any,nsa,s23+
spec_496,849 + 856,2,43 + 113 + 442 + 813 + 849 + 856 + 878 + 879 + 899 + 937 + 957,11,10,16,OPTIMAL,1 + 0,0,0 + 1,1 + 0,0 + 1,0 + 1,0 + 1,intra + b7,n3 + n78,rf-1003 + rf-1000,any,any,handover,any,any,6cc + s21
spec_497,31,1,31,1,10,0,OPTIMAL,0,0,1,0,3,0,3,b7 + b7,n28 + n3,rf-1007 + rf-1001,any,any,null,,nr,s21
spec_498,132,1,132,1,10,0,OPTIMAL,1,1,1,1,1,1,2,any,n78 + n78,rf-1002 + rf-1001,inter cc,any,any,nsa,nsa,any
spec_499,217,1,217,1,10,0,OPTIMAL,1,1,1,1,2,0,1,b8 + b2,n77,rf-1001 + rf-1000 + rf-1006,,intra DU,,volte,any,any
spec_500,337,1,337,1,10,0,OPTIMAL,1,1,0,3,1,0,0,b5,n1 + n1,rf-1003 + rf-1001 + rf-1005 + rf-1002,any,any,cell edge,any,nsa,
spec_501,562,1,562,1,10,0,OPTIMAL,1,1,1,2,1,1,1,b28 + b28,any,rf-1007 + rf-1002,any,inter CU,any,emtc,nr,s23+
spec_502,620,1,620,1,10,0,OPTIMAL,1,1,1,1,2,1,2,any,any,any + any,inter cc,non ca,any,any,any,
spec_503,692,1,692,1,10,0,OPTIMAL,1,1,1,1,3,0,2,b5,any,rf-1000,,any,any,volte,any,any
spec_504,732,1,732,1,10,0,OPTIMAL,0,0,1,1,1,1,1,b1 + b8,any,any + any + any + any,intra cc,any,cell edge,,nr,any
spec_505,819,1,819,1,10,0,OPTIMAL,1,1,1,3,1,0,2,any,any,any,any,any,any,any,any,s23+
spec_506,891,1,891,1,10,0,OPTIMAL,1,1,1,1,1,0,2,any,n28,rf-1007 + rf-1003 + rf-1005,,any,null,nsa,nsa,6cc
spec_507,960,1,960,1,10,0,OPTIMAL,1,1,1,2,1,1,1,b8,n28 + n1,any + any,inter cc,inter CU,cell edge,any,any,s21
spec_508,966,1,966,1,10,0,OPTIMAL,1,1,1,1,1,0,1,b3 + b3,n5 + n78,rf-1005 + rf-1001 + rf-1000 + rf-1003,any,any,cell edge,any,any,any
spec_509,989,1,989,1,10,0,OPTIMAL,1,1,1,1,1,2,2,inter + any,any,any,any,any,cell edge,volte,nr,any
spec_510,25 + 105 + 118 + 503 + 634,5,25 + 101 + 105 + 118 + 120 + 149 + 286 + 444 + 499 + 503 + 606 + 634 + 750 + 759 + 947,15,11,35,OPTIMAL,0 + 1,0,1 + 0,0 + 1,2 + 0,0 + 2,1 + 0,b2 + inter,n78,rf-1000 + rf-1005,any,intra DU,cell edge,volte,any,s21
spec_511,254 + 319 + 607 + 612 + 703,5,36 + 179 + 254 + 319 + 334 + 335 + 444 + 607 + 612 + 703 + 750 + 787 + 813 + 861 + 899,15,11,24,OPTIMAL,1,0,0,1,2 + 0,0 + 2,0 + 1,any,,rf-1004 + rf-1006,any,inter CU,handover,emtc + volte,,6cc
spec_512,42 + 53 + 682 + 997,4,42 + 53 + 682 + 997,4,11,23,OPTIMAL,0 + 1,0 + 1,1,1 + 2,1,0,1,b5 + b3,n77 + n28,rf-1003 + rf-1006,intra cc,non ca,peak 4 path,volte,nr + nsa,s21
spec_513,144 + 169 + 175 + 678,4,144 + 169 + 175 + 616 + 678,5,11,20,OPTIMAL,1,0,0,1 + 3,0 + 1,0 + 2,0 + 1,b20,,rf-1007,any,any,peak 4 path + mobility,any,,6cc
spec_514,51 + 919 + 964,3,51 + 92 + 756 + 919 + 964,5,11,16,OPTIMAL,1,1,0 + 1,1,1 + 2,0,0 + 1,b8,n7 + n77,rf-1000 + rf-1002,intra cc,any,any,volte + emtc,nr,any
spec_515,73 + 862 + 888,3,73 + 393 + 862 + 888,4,11,12,OPTIMAL,1,1,0 + 1,1,1 + 3,0,1,b28 + b28,intra + n41 + n78,rf-1001 + rf-1003,any,inter CU,cell edge,nsa,nsa,any
spec_516,76 + 354 + 893,3,76 + 354 + 893,3,11,14,OPTIMAL,1,1,0,1 + 2,1,0 + 1,0,b8 + b2 + intra,n3 + n7,any + any + any,any,inter CU,handover + peak 4 path,nsa,nsa,s21
spec_517,246 + 519 + 593,3,246 + 519 + 593 + 874,4,11,24,OPTIMAL,1 + 0,1 + 0,0 + 1,1 + 0,1,1 + 0,0 + 1,intra + any,n1,rf-1003 + rf-1005 + rf-1006,any,non ca,peak 4 path,any,nsa + nr,s21
spec_518,69 + 320,2,69 + 320,2,11,8,OPTIMAL,1,1,0,1 + 2,1,0,1 + 0,intra + b1 + b1,intra + inter,rf-1007 + rf-1004 + rf-1003,inter cc,any,mobility,nsa + emtc,nr,
spec_519,151 + 163,2,151 + 163,2,11,11,OPTIMAL,1,1,0 + 1,1 + 2,1,0 + 1,1,b28 + b28,n7 + n7 + inter,rf-1003,any,non ca,any,any,any,s21 + 6cc
spec_520,191 + 936,2,191 + 936,2,11,11,OPTIMAL,1,1,0 + 1,1 + 3,1,0 + 1,0 + 1,b7 + b7,n7 + n77 + inter,rf-1006,inter cc,non ca,any,any,nsa,any
spec_521,251 + 257,2,179 + 251 + 257 + 442 + 557 + 813 + 861 + 878 + 937 + 942 + 957 + 959,12,11,13,OPTIMAL,1,1 + 0,0,1,1 + 0,1 + 0,0 + 2,b7 + intra,n3 + n3,rf-1005 + rf-1000,any,any,handover,nsa + emtc,any,any
spec_522,275 + 431,2,72 + 130 + 275 + 316 + 362 + 431 + 473 + 726 + 878,9,11,13,OPTIMAL,1,1 + 0,1 + 0,1 + 2,1 + 0,0,1 + 0,b2 + b2,any,rf-1004 + rf-1007 + rf-1003,intra cc,any,any,any,any,any
spec_523,329 + 402,2,51 + 329 + 378 + 402 + 557 + 754 + 785 + 823,8,11,12,OPTIMAL,1,0 + 1,0 + 1,2 + 1,1,0,0 + 1,b28 + b20,inter + any,any + any,inter cc,intra DU,peak 4 path,emtc + volte,any,any
spec_524,385 + 514,2,94 + 130 + 316 + 385 + 442 + 504 + 514 + 750,8,11,13,OPTIMAL,0 + 1,0,1 + 0,1 + 2,1 + 0,1 + 0,1 + 0,b7,any,rf-1000 + rf-1007 + rf-1002,any,inter CU,mobility,volte,nr,
spec_525,536 + 736,2,536 + 736,2,11,9,OPTIMAL,1,1,1 + 0,1,1,0,2 + 0,b7 + b1,inter + n77 + n77,rf-1002 + rf-1006 + rf-1003,inter cc,any,cell edge,emtc + volte,nr,s23+
spec_526,674 + 677,2,674 + 677 + 754,3,11,3,OPTIMAL,1,1,0,2,1 + 3,0,0,b28,inter + any,rf-1004 + any,intra cc,non ca,any,nsa,any,s21
spec_527,700 + 783,2,700 + 783,2,11,9,OPTIMAL,1,1,1 + 0,3 + 1,1,0,1 + 0,b7,inter + n78 + n3,rf-1005 + rf-1004,inter cc,non ca,peak 4 path,any,any,s23+
spec_528,722 + 730,2,722 + 730,2,11,7,OPTIMAL,1,0,0,2 + 1,0 + 2,0,0,b7 + b7 + intra,,any + any + any + any,,any,null,any,,s23+
spec_529,773 + 809,2,773 + 809,2,11,13,OPTIMAL,1,1,0 + 1,2,1,0 + 1,0 + 1,b20 + b20 + inter,intra + any,any + any,any,inter CU,handover + null,emtc + nsa,any,s21
spec_530,786 + 841,2,326 + 786 + 841 + 959,4,11,10,OPTIMAL,1,1,0 + 1,1,2 + 1,0,0 + 1,b28 + b3,any,rf-1007 + any,any,inter DU,any,nsa,nsa + nr,any
spec_531,796 + 950,2,796 + 950,2,11,10,OPTIMAL,1,1,1 + 0,1 + 3,1,0 + 2,1,b8 + b2,intra + any,rf-1002,any,inter CU,handover + mobility,volte,any,
spec_532,40,1,40,1,11,0,OPTIMAL,1,1,0,3,2,1,1,any,n1,rf-1000,any,any,cell edge,nsa,nsa,s21
spec_533,47,1,47,1,11,0,OPTIMAL,1,1,0,1,3,0,2,intra + any,intra + any,rf-1006 + rf-1000,any,non ca,any,volte,any,s23+
spec_534,116,1,116,1,11,0,OPTIMAL,1,1,1,3,2,0,1,intra + any,any,rf-1001 + rf-1003 + rf-1000,,intra DU,any,any,nr,
spec_535,126,1,126,1,11,0,OPTIMAL,0,0,1,0,3,1,1,intra + any,n77 + n77,rf-1006 + rf-1005 + rf-1004 + rf-1007,any,intra DU,any,,any,any
spec_536,134,1,134,1,11,0,OPTIMAL,1,1,0,1,3,0,0,b7,n3,any + any + any + any,any,any,any,any,any,any
spec_537,210,1,210,1,11,0,OPTIMAL,1,1,1,1,2,0,1,b20 + b20,n3,any + any + any + any,any,any,peak 4 path,any,nsa,any
spec_538,270,1,270,1,11,0,OPTIMAL,1,1,1,3,1,0,2,any,inter + any,any + any,,any,null,any,any,any
spec_539,289,1,289,1,11,0,OPTIMAL,1,1,0,2,2,0,0,b5 + b5,n5 + n1,any + any + any + any,any,any,any,nsa,any,any
spec_540,642,1,642,1,11,0,OPTIMAL,1,1,1,2,1,0,3,b8,any,any + any,inter cc,intra DU,handover,nsa,nsa,s21
spec_541,645,1,645,1,11,0,OPTIMAL,1,1,1,2,2,0,1,any,n1 + n77,any + any + any + any,intra cc,any,mobility,any,any,
spec_542,793,1,793,1,11,0,OPTIMAL,1,1,0,1,2,0,1,any,n3 + n3,any + any + any + any,any,any,any,emtc,any,any
spec_543,237 + 249 + 467 + 577 + 638 + 821,6,71 + 87 + 122 + 130 + 179 + 213 + 219 + 220 + 237 + 249 + 356 + 389 + 435 + 442 + 444 + 467 + 521 + 526 + 555 + 557 + 577 + 606 + 638 + 734 + 750 + 769 + 821 + 823 + 838 + 861 + 899 + 957,32,12,48,OPTIMAL,1,0,0,1 + 2,0 + 1,1 + 0,1 + 0,inter + b7,,rf-1000 + rf-1001,any,non ca,null + peak 4 path,volte + emtc,,6cc + s23+
spec_544,129 + 294 + 746 + 994,4,129 + 294 + 319 + 557 + 729 + 746 + 823 + 994,8,12,22,OPTIMAL,1,1 + 0,0,1,1 + 2,0,0 + 2,b7 + b7,any,rf-1001 + rf-1003,inter cc,inter CU,handover,volte + emtc,nsa,s21
spec_545,381 + 400 + 537 + 565,4,43 + 381 + 400 + 537 + 565,5,12,30,OPTIMAL,0 + 1,0 + 1,1 + 0,0 + 2,1 + 2,0,1,any,inter + any,rf-1001 + rf-1007,inter cc,non ca,cell edge,any,nr,s21 + s23+
spec_546,409 + 506 + 540 + 867,4,1 + 72 + 130 + 362 + 386 + 409 + 412 + 435 + 442 + 444 + 504 + 506 + 521 + 540 + 579 + 589 + 616 + 629 + 750 + 823 + 838 + 867 + 878 + 912 + 937 + 957,26,12,32,OPTIMAL,1,1 + 0,1 + 0,2 + 1,1 + 0,0 + 1,2 + 0,b20 + b20,any,rf-1002 + rf-1005,any,inter DU,cell edge + mobility,volte,nsa,any
spec_547,194 + 261 + 304,3,194 + 261 + 304,3,12,21,OPTIMAL,1,1,1 + 0,3 + 1,1,0,1 + 0,b1 + b1 + b5,inter + n41 + n7,rf-1003 + rf-1007,intra cc,non ca,any,emtc + nsa,any,s23+
spec_548,282 + 366 + 886,3,282 + 366 + 886,3,12,14,OPTIMAL,1,1,0,1 + 2,1 + 2,1 + 0,0,b5 + b7,n41 + n41 + intra,rf-1004 + rf-1001,intra cc,inter DU,any,nsa,any,s23+
spec_549,463 + 600 + 630,3,16 + 463 + 471 + 600 + 630 + 726 + 759 + 813,8,12,17,OPTIMAL,1,0 + 1,0,1 + 3,0 + 2,0,1 + 0,b2,any,rf-1007 + rf-1002,intra cc,any,handover + null,any,any,any
spec_550,740 + 763 + 944,3,740 + 763 + 944,3,12,23,OPTIMAL,0 + 1,0,1 + 0,0 + 3,2 + 0,0,2 + 0,inter + b5 + b5,n78,rf-1002 + rf-1003,any,any,cell edge + mobility,emtc,any,any
spec_551,20 + 33,2,20 + 33,2,12,10,OPTIMAL,1,1,0 + 1,1 + 2,2,1,0 + 1,intra + any,n77 + n28 + n3,rf-1007 + rf-1005,any,intra DU,any,nsa,nr,6cc
spec_552,23 + 207,2,23 + 207,2,12,9,OPTIMAL,1,0 + 1,0,3,0 + 2,0 + 1,0,b3 + b3 + intra,any,rf-1007 + rf-1004 + rf-1000,inter cc,inter CU,peak 4 path,nsa,nsa,s21
spec_553,85 + 123,2,85 + 123,2,12,11,OPTIMAL,1,1,0 + 1,2 + 1,2,0,1,b2 + b2 + intra,n78 + intra,rf-1007 + rf-1004 + rf-1001,inter cc,inter CU,mobility + handover,any,nsa,any
spec_554,136 + 424,2,136 + 424,2,12,14,OPTIMAL,1,1,1 + 0,3 + 1,1 + 2,0,1 + 0,b8 + b8 + inter,intra + n77 + n77,rf-1005 + rf-1006,inter cc,any,peak 4 path + mobility,nsa,nsa,
spec_555,156 + 264,2,153 + 156 + 264,3,12,10,OPTIMAL,1,1,1 + 0,1,2 + 3,0,1 + 0,inter + any,any,rf-1006,inter cc,any,null,emtc,nsa + nr,s23+
spec_556,269 + 938,2,269 + 938,2,12,7,OPTIMAL,1,1,0 + 1,1,1 + 2,0,0 + 2,inter + any,inter + intra,any + any + any,intra cc,any,any,any,nr,s21
spec_557,338 + 411,2,43 + 338 + 381 + 411,4,12,17,OPTIMAL,1 + 0,1 + 0,1,1 + 0,1,1 + 0,2 + 1,inter + any,inter + any,rf-1007 + rf-1001,inter cc,non ca,peak 4 path,nsa,nsa + nr,s21
spec_558,511 + 560,2,511 + 560,2,12,14,OPTIMAL,0 + 1,0 + 1,1 + 0,0 + 1,1 + 2,0,2 + 1,b1 + b20,any,any + any,intra cc,any,any,any,any,s21
spec_559,609 + 928,2,609 + 928,2,12,6,OPTIMAL,1,1,0,1,3 + 1,0 + 2,0,b8 + b1 + intra,intra + any,rf-1002 + rf-1000,any,inter DU,cell edge,nsa,any,s23+
spec_560,676 + 679,2,179 + 676 + 679 + 861,4,12,9,OPTIMAL,1,1 + 0,0,1 + 3,3 + 0,0,0,b5 + inter,any,any,any,any,any,nsa + emtc,nsa,6cc
spec_561,792 + 829,2,792 + 829,2,12,7,OPTIMAL,1,1,0,1 + 2,1,0,2 + 0,b3 + b3 + inter,n41 + n41,rf-1006 + rf-1003 + rf-1007,intra cc,non ca,any,any,any,s23+
spec_562,903 + 963,2,903 + 963,2,12,10,OPTIMAL,1,1,0 + 1,2,1 + 3,0,0 + 2,inter + b2 + b8,n78,any,intra cc,any,handover + mobility,nsa,any,s21
spec_563,350,1,350,1,12,0,OPTIMAL,1,1,1,1,3,1,2,any,n1,rf-1005 + rf-1004 + rf-1002,,inter CU,peak 4 path,any,nr,
spec_564,370,1,370,1,12,0,OPTIMAL,1,1,1,3,2,0,1,b5 + b5,any,rf-1002 + rf-1001 + rf-1006,,inter DU,mobility,emtc,nr,s21
spec_565,615,1,615,1,12,0,OPTIMAL,1,1,0,1,3,1,0,b2 + b2,inter + any,any + any + any + any,,any,mobility,any,nr,any
spec_566,984,1,984,1,12,0,OPTIMAL,1,1,1,2,1,1,3,any,n5 + n5,rf-1004 + rf-1000,intra cc,any,peak 4 path,volte,nr,s21
